name,type,total_produced,total_sold,damaged,month,year,edition,price,gender,sell_through_rate,damage_rate,unsold_inventory,estimated_revenue,quarter,date,is_limited_edition,price_bucket,manufacturing_date,selling_date
Nike Air Force 1 '07 Sneakers,Creamy,24592,5819,9012,September,2017,Limited,115,Men,23.66216655823032,36.64606376057255,9761,669185,Q3,2017-09-01,1,High,2017-09-01,2017-11-06
Adidas Originals Samba OG Shoes,Creamy,81482,16395,38698,September,2019,Standard,100,Men,20.12100832085614,47.49269777374144,26389,1639500,Q3,2019-09-01,0,Mid,2019-09-01,2019-09-30
Air Jordan 1 Mid Shoes,Peanut Butter,76237,8478,26062,January,2023,Special Release,110,Women,11.120584493093904,34.18550047877015,41697,932580,Q1,2023-01-01,1,High,2023-01-01,2023-03-28
Red Tape Casual Sneakers,Brownie,46463,5425,10463,October,2022,Anniversary,35,Men,11.67595721326647,22.518993607816974,30575,189875,Q4,2022-10-01,0,Low,2022-10-01,2022-12-15
Nike Court Vision Low Shoes,Peanut Butter,54118,11698,6078,April,2019,Standard,80,Women,21.615728593074397,11.231013710780148,36342,935840,Q2,2019-04-01,0,Mid,2019-04-01,2019-05-06
Puma Smash V2 Sneakers,Brownie,44671,7847,30108,January,2021,Standard,65,Women,17.566206263571445,67.39943139844642,6716,510055,Q1,2021-01-01,0,Mid,2021-01-01,2021-03-31
Converse Chuck Taylor All Star,Classic,82357,43427,23700,June,2021,Limited,60,Men,52.73018686936144,28.7771531260245,15230,2605620,Q2,2021-06-01,1,Mid,2021-06-01,2021-08-29
New Balance 574 Core,Creamy,39871,23965,1307,August,2024,Limited,90,Women,60.10634295603321,3.2780717814953224,14599,2156850,Q3,2024-08-01,1,Mid,2024-08-01,2024-09-08
Reebok Classic Leather,Almond,69429,46660,11954,October,2016,Holiday,85,Women,67.20534646905472,17.217589191836264,10815,3966100,Q4,2016-10-01,0,Mid,2016-10-01,2016-10-18
Under Armour Charged Assert 9,Creamy,99593,89939,1169,October,2021,Limited,75,Men,90.30654764893114,1.1737772735031575,8485,6745425,Q4,2021-10-01,1,Mid,2021-10-01,2021-11-06
Fila Disruptor II Premium,Peanut Butter,70589,54735,4422,March,2022,Special Release,70,Women,77.5404099788919,6.264432135318534,11432,3831450,Q1,2022-03-01,1,Mid,2022-03-01,2022-05-07
ASICS Gel-Quantum 90,White Chocolate,17331,8752,525,January,2024,Holiday,100,Men,50.499105648837336,3.02925393803012,8054,875200,Q1,2024-01-01,0,Mid,2024-01-01,2024-01-17
Skechers D'Lites,Peanut Butter,84341,46245,13934,May,2022,Anniversary,75,Women,54.83098374456077,16.521027732656716,24162,3468375,Q2,2022-05-01,0,Mid,2022-05-01,2022-06-14
Vans Old Skool,Peanut Butter,44718,14150,8081,May,2023,Special Release,70,Women,31.642738941813143,18.071022854331588,22487,990500,Q2,2023-05-01,1,Mid,2023-05-01,2023-06-22
Onitsuka Tiger Mexico 66,Brownie,62350,28723,14373,July,2016,Special Release,100,Men,46.06736166800321,23.052125100240577,19254,2872300,Q3,2016-07-01,1,Mid,2016-07-01,2016-07-17
Lacoste Carnaby Evo,White Chocolate,24371,10008,10280,October,2016,Anniversary,95,Women,41.06520044314965,42.181281030733246,4083,950760,Q4,2016-10-01,0,Mid,2016-10-01,2016-12-18
Superga 2750 Cotu Classic,Crisper,88104,66348,17338,October,2017,Special Release,65,Men,75.30645600653773,19.67901570870789,4418,4312620,Q4,2017-10-01,1,Mid,2017-10-01,2017-12-14
Hoka One One Clifton 8,Creamy,25014,22595,1092,August,2023,Holiday,140,Women,90.32941552730472,4.365555289038139,1327,3163300,Q3,2023-08-01,0,High,2023-08-01,2023-09-05
Saucony Jazz Original,Peanut Butter,69470,5212,62509,February,2023,Holiday,80,Men,7.502519072981142,89.97984741615086,1749,416960,Q1,2023-02-01,0,Mid,2023-02-01,2023-03-20
Columbia Trailstorm Waterproof,Brownie,23947,14779,8317,October,2021,Limited,110,Men,61.71545496304339,34.73086399131415,851,1625690,Q4,2021-10-01,1,High,2021-10-01,2021-12-30
Nike Air Force 1 '07 Sneakers,Brownie,79514,5074,42487,June,2020,Standard,115,Women,6.381266192117112,53.43335764770983,31953,583510,Q2,2020-06-01,0,High,2020-06-01,2020-08-12
Adidas Originals Samba OG Shoes,White Chocolate,50306,20692,1898,September,2017,Special Release,100,Men,41.132270504512384,3.772909792072516,27716,2069200,Q3,2017-09-01,1,Mid,2017-09-01,2017-10-07
Air Jordan 1 Mid Shoes,Creamy,73699,14071,49846,December,2020,Limited,110,Women,19.09252500033921,67.63456763321076,9782,1547810,Q4,2020-12-01,1,High,2020-12-01,2021-02-02
Red Tape Casual Sneakers,Brownie,31643,13685,17290,October,2024,Special Release,35,Men,43.24811174667383,54.64083683595108,668,478975,Q4,2024-10-01,1,Low,2024-10-01,2024-12-13
Nike Court Vision Low Shoes,Brownie,36365,28361,2553,June,2019,Holiday,80,Women,77.9898253815482,7.020486731747559,5451,2268880,Q2,2019-06-01,0,Mid,2019-06-01,2019-07-27
Puma Smash V2 Sneakers,Classic,42493,19725,2098,October,2018,Standard,65,Men,46.41941025580684,4.93728378791801,20670,1282125,Q4,2018-10-01,0,Mid,2018-10-01,2018-12-14
Converse Chuck Taylor All Star,Brownie,38864,5471,4652,December,2022,Standard,60,Men,14.077295183202963,11.969946480032934,28741,328260,Q4,2022-12-01,0,Mid,2022-12-01,2022-12-30
New Balance 574 Core,White Chocolate,53309,9643,33695,September,2017,Holiday,90,Men,18.08887805061059,63.20696317694948,9971,867870,Q3,2017-09-01,0,Mid,2017-09-01,2017-11-16
Reebok Classic Leather,Brownie,27342,23711,2360,April,2020,Limited,85,Women,86.72006436983396,8.63140955306854,1271,2015435,Q2,2020-04-01,1,Mid,2020-04-01,2020-06-16
Under Armour Charged Assert 9,Peanut Butter,22363,8176,10796,November,2019,Holiday,75,Women,36.56038992979475,48.27617046013504,3391,613200,Q4,2019-11-01,0,Mid,2019-11-01,2020-01-01
Fila Disruptor II Premium,White Chocolate,17100,16032,201,September,2015,Anniversary,70,Men,93.75438596491227,1.1754385964912282,867,1122240,Q3,2015-09-01,0,Mid,2015-09-01,2015-11-16
ASICS Gel-Quantum 90,Peanut Butter,35112,11232,17573,January,2020,Limited,100,Women,31.989063568010938,50.04841649578492,6307,1123200,Q1,2020-01-01,1,Mid,2020-01-01,2020-03-06
Skechers D'Lites,Crisper,42742,9940,29041,January,2024,Special Release,75,Men,23.25581395348837,67.9448785737682,3761,745500,Q1,2024-01-01,1,Mid,2024-01-01,2024-03-10
Vans Old Skool,Classic,40982,15899,13317,June,2020,Anniversary,70,Women,38.79508076716608,32.49475379434874,11766,1112930,Q2,2020-06-01,0,Mid,2020-06-01,2020-08-18
Onitsuka Tiger Mexico 66,Classic,31579,17418,35,May,2019,Holiday,100,Women,55.15690807181988,0.1108331486114189,14126,1741800,Q2,2019-05-01,0,Mid,2019-05-01,2019-05-18
Lacoste Carnaby Evo,Almond,65444,50651,11968,October,2023,Special Release,95,Women,77.3959415683638,18.287390746286903,2825,4811845,Q4,2023-10-01,1,Mid,2023-10-01,2023-12-05
Superga 2750 Cotu Classic,Peanut Butter,34890,14722,7133,August,2015,Special Release,65,Men,42.19547148179995,20.444253367727143,13035,956930,Q3,2015-08-01,1,Mid,2015-08-01,2015-08-22
Hoka One One Clifton 8,Creamy,51104,8746,3286,July,2021,Anniversary,140,Men,17.114120225422667,6.430025046963056,39072,1224440,Q3,2021-07-01,0,High,2021-07-01,2021-08-05
Saucony Jazz Original,Classic,76562,15500,55793,January,2017,Standard,80,Men,20.24503017162561,72.8729657010005,5269,1240000,Q1,2017-01-01,0,Mid,2017-01-01,2017-03-29
Columbia Trailstorm Waterproof,Crisper,25713,23667,504,June,2021,Special Release,110,Men,92.04293548010732,1.9600980049002448,1542,2603370,Q2,2021-06-01,1,High,2021-06-01,2021-07-24
Nike Air Force 1 '07 Sneakers,Crisper,96163,81503,9260,November,2020,Holiday,115,Men,84.75505131911441,9.629483273192392,5400,9372845,Q4,2020-11-01,0,High,2020-11-01,2020-12-03
Adidas Originals Samba OG Shoes,Creamy,51180,20642,8703,June,2019,Limited,100,Women,40.33216100039078,17.004689331770223,21835,2064200,Q2,2019-06-01,1,Mid,2019-06-01,2019-06-19
Air Jordan 1 Mid Shoes,Crisper,51441,9754,610,February,2020,Special Release,110,Men,18.96152874166521,1.1858245368480396,41077,1072940,Q1,2020-02-01,1,High,2020-02-01,2020-04-15
Red Tape Casual Sneakers,Classic,80468,32938,33153,December,2017,Limited,35,Men,40.933041706019786,41.200228662325394,14377,1152830,Q4,2017-12-01,1,Low,2017-12-01,2017-12-29
Nike Court Vision Low Shoes,Peanut Butter,58434,23676,10338,November,2019,Special Release,80,Men,40.5175069308964,17.691754800287505,24420,1894080,Q4,2019-11-01,1,Mid,2019-11-01,2019-11-24
Puma Smash V2 Sneakers,Creamy,82692,44240,6788,November,2024,Limited,65,Men,53.49973395249843,8.208774730324578,31664,2875600,Q4,2024-11-01,1,Mid,2024-11-01,2025-01-07
Converse Chuck Taylor All Star,Creamy,82512,25374,17848,February,2018,Special Release,60,Women,30.751890634089584,21.63079309676168,39290,1522440,Q1,2018-02-01,1,Mid,2018-02-01,2018-02-17
New Balance 574 Core,Peanut Butter,93130,39600,33122,June,2020,Holiday,90,Men,42.521206915064965,35.56533877375712,20408,3564000,Q2,2020-06-01,0,Mid,2020-06-01,2020-08-14
Reebok Classic Leather,Classic,93136,60518,27176,February,2018,Standard,85,Men,64.97809654698506,29.17883525167497,5442,5144030,Q1,2018-02-01,0,Mid,2018-02-01,2018-04-27
Under Armour Charged Assert 9,Creamy,44335,15589,24288,December,2019,Special Release,75,Men,35.161836021202205,54.78290289838728,4458,1169175,Q4,2019-12-01,1,Mid,2019-12-01,2020-01-28
Fila Disruptor II Premium,Classic,19862,19468,353,September,2016,Special Release,70,Women,98.0163125566408,1.7772631154969287,41,1362760,Q3,2016-09-01,1,Mid,2016-09-01,2016-09-23
ASICS Gel-Quantum 90,Brownie,82420,24410,28166,June,2016,Standard,100,Men,29.61659791312788,34.17374423683572,29844,2441000,Q2,2016-06-01,0,Mid,2016-06-01,2016-08-01
Skechers D'Lites,Almond,37535,27349,4088,June,2022,Standard,75,Women,72.86266151591848,10.891168242973224,6098,2051175,Q2,2022-06-01,0,Mid,2022-06-01,2022-07-20
Vans Old Skool,Brownie,30257,12757,5324,December,2023,Limited,70,Men,42.16214429718743,17.595928214958523,12176,892990,Q4,2023-12-01,1,Mid,2023-12-01,2024-01-20
Onitsuka Tiger Mexico 66,Peanut Butter,53540,31982,8131,December,2017,Limited,100,Men,59.73477773627195,15.186776242062008,13427,3198200,Q4,2017-12-01,1,Mid,2017-12-01,2018-02-03
Lacoste Carnaby Evo,Crisper,15075,12711,911,March,2017,Anniversary,95,Men,84.31840796019901,6.0431177446102815,1453,1207545,Q1,2017-03-01,0,Mid,2017-03-01,2017-03-19
Superga 2750 Cotu Classic,Peanut Butter,13101,10406,791,June,2019,Holiday,65,Men,79.42905121746432,6.03770704526372,1904,676390,Q2,2019-06-01,0,Mid,2019-06-01,2019-06-17
Hoka One One Clifton 8,White Chocolate,46585,28012,16692,June,2019,Special Release,140,Men,60.13094343672856,35.831276161854674,1881,3921680,Q2,2019-06-01,1,High,2019-06-01,2019-06-21
Saucony Jazz Original,Classic,44237,16702,19024,December,2017,Standard,80,Women,37.75572484571739,43.00472455184574,8511,1336160,Q4,2017-12-01,0,Mid,2017-12-01,2018-02-07
Columbia Trailstorm Waterproof,Almond,51114,33599,16758,April,2016,Anniversary,110,Men,65.73345854364754,32.785538208709944,757,3695890,Q2,2016-04-01,0,High,2016-04-01,2016-04-19
Nike Air Force 1 '07 Sneakers,Almond,15817,12144,6,October,2020,Special Release,115,Men,76.77815009167351,0.0379338686223683,3667,1396560,Q4,2020-10-01,1,High,2020-10-01,2020-12-08
Adidas Originals Samba OG Shoes,Almond,66531,9585,43531,September,2018,Special Release,100,Men,14.406817874374353,65.42964933639958,13415,958500,Q3,2018-09-01,1,Mid,2018-09-01,2018-11-17
Air Jordan 1 Mid Shoes,Creamy,49363,38234,5067,June,2022,Anniversary,110,Women,77.45477381844702,10.264773210704377,6062,4205740,Q2,2022-06-01,0,High,2022-06-01,2022-07-03
Red Tape Casual Sneakers,Brownie,26683,11286,6888,June,2022,Anniversary,35,Men,42.29659333658135,25.81418880935427,8509,395010,Q2,2022-06-01,0,Low,2022-06-01,2022-07-29
Nike Court Vision Low Shoes,Brownie,84593,44446,26612,February,2021,Standard,80,Men,52.54099038927571,31.45886775501519,13535,3555680,Q1,2021-02-01,0,Mid,2021-02-01,2021-03-21
Puma Smash V2 Sneakers,Crisper,86019,84516,1340,August,2018,Anniversary,65,Men,98.25271161022565,1.5577953707901742,163,5493540,Q3,2018-08-01,0,Mid,2018-08-01,2018-10-28
Converse Chuck Taylor All Star,Brownie,72021,27241,43178,December,2015,Holiday,60,Women,37.82369031254773,59.951958456561286,1602,1634460,Q4,2015-12-01,0,Mid,2015-12-01,2016-02-15
New Balance 574 Core,Classic,40784,25343,3680,January,2024,Limited,90,Men,62.139564535111816,9.02314633189486,11761,2280870,Q1,2024-01-01,1,Mid,2024-01-01,2024-01-29
Reebok Classic Leather,Peanut Butter,72277,14545,29846,August,2019,Special Release,85,Women,20.12396751387025,41.29391092602073,27886,1236325,Q3,2019-08-01,1,Mid,2019-08-01,2019-10-02
Under Armour Charged Assert 9,Crisper,62383,20989,9671,May,2022,Standard,75,Men,33.64538415914592,15.50262090633666,31723,1574175,Q2,2022-05-01,0,Mid,2022-05-01,2022-05-30
Fila Disruptor II Premium,White Chocolate,65724,19341,11526,January,2024,Special Release,70,Men,29.427606353843345,17.53697279532591,34857,1353870,Q1,2024-01-01,1,Mid,2024-01-01,2024-03-27
ASICS Gel-Quantum 90,White Chocolate,25906,19957,1092,December,2023,Anniversary,100,Women,77.03620782830232,4.215239712807843,4857,1995700,Q4,2023-12-01,0,Mid,2023-12-01,2024-02-15
Skechers D'Lites,White Chocolate,68008,45150,16540,October,2019,Special Release,75,Men,66.38924832372662,24.320668156687447,6318,3386250,Q4,2019-10-01,1,Mid,2019-10-01,2019-11-24
Vans Old Skool,Creamy,72216,63991,4246,June,2023,Limited,70,Women,88.61055721723717,5.879583471806802,3979,4479370,Q2,2023-06-01,1,Mid,2023-06-01,2023-08-07
Onitsuka Tiger Mexico 66,White Chocolate,78327,68517,3919,January,2018,Anniversary,100,Women,87.47558313225325,5.003383252262949,5891,6851700,Q1,2018-01-01,0,Mid,2018-01-01,2018-02-08
Lacoste Carnaby Evo,Peanut Butter,45614,27010,10476,January,2021,Standard,95,Men,59.21427631867409,22.9666330512562,8128,2565950,Q1,2021-01-01,0,Mid,2021-01-01,2021-02-10
Superga 2750 Cotu Classic,Crisper,30028,28147,438,September,2015,Anniversary,65,Women,93.73584654322632,1.4586386039696284,1443,1829555,Q3,2015-09-01,0,Mid,2015-09-01,2015-11-14
Hoka One One Clifton 8,Crisper,18161,8388,6883,May,2019,Special Release,140,Men,46.18688398215957,37.89989538021034,2890,1174320,Q2,2019-05-01,1,High,2019-05-01,2019-06-25
Saucony Jazz Original,White Chocolate,85456,54857,15629,January,2015,Holiday,80,Women,64.19326905073956,18.288944017974163,14970,4388560,Q1,2015-01-01,0,Mid,2015-01-01,2015-02-13
Columbia Trailstorm Waterproof,White Chocolate,64921,40272,24494,March,2023,Special Release,110,Men,62.03231619968885,37.72893208668997,155,4429920,Q1,2023-03-01,1,High,2023-03-01,2023-03-30
Nike Air Force 1 '07 Sneakers,Crisper,38760,22887,7140,June,2020,Standard,115,Women,59.04798761609907,18.421052631578945,8733,2632005,Q2,2020-06-01,0,High,2020-06-01,2020-07-30
Adidas Originals Samba OG Shoes,Creamy,31632,20315,2091,December,2021,Special Release,100,Women,64.22293879615579,6.610394537177541,9226,2031500,Q4,2021-12-01,1,Mid,2021-12-01,2022-02-18
Air Jordan 1 Mid Shoes,Brownie,83975,8552,11003,March,2022,Anniversary,110,Women,10.18398332837154,13.102709139624888,64420,940720,Q1,2022-03-01,0,High,2022-03-01,2022-05-25
Red Tape Casual Sneakers,Peanut Butter,16590,9262,3105,September,2018,Limited,35,Women,55.8288125376733,18.71609403254973,4223,324170,Q3,2018-09-01,1,Low,2018-09-01,2018-09-24
Nike Court Vision Low Shoes,White Chocolate,59692,23235,27627,October,2017,Standard,80,Men,38.92481404543322,46.28258393084501,8830,1858800,Q4,2017-10-01,0,Mid,2017-10-01,2017-10-16
Puma Smash V2 Sneakers,Almond,39389,9496,25599,April,2022,Standard,65,Men,24.108253573332654,64.99022569752977,4294,617240,Q2,2022-04-01,0,Mid,2022-04-01,2022-04-23
Converse Chuck Taylor All Star,Peanut Butter,12671,10089,624,September,2017,Limited,60,Men,79.62276063451978,4.9246310472733015,1958,605340,Q3,2017-09-01,1,Mid,2017-09-01,2017-11-17
New Balance 574 Core,Brownie,38569,35476,2865,November,2017,Holiday,90,Men,91.98060618631544,7.428245482122948,228,3192840,Q4,2017-11-01,0,Mid,2017-11-01,2017-11-26
Reebok Classic Leather,White Chocolate,31465,15192,1771,June,2021,Standard,85,Women,48.282218337835694,5.628476084538376,14502,1291320,Q2,2021-06-01,0,Mid,2021-06-01,2021-06-23
Under Armour Charged Assert 9,Crisper,35995,7490,19401,September,2022,Limited,75,Women,20.808445617446868,53.89915266009167,9104,561750,Q3,2022-09-01,1,Mid,2022-09-01,2022-10-20
Fila Disruptor II Premium,White Chocolate,99687,83697,13197,May,2016,Special Release,70,Women,83.95979415570737,13.23843630563664,2793,5858790,Q2,2016-05-01,1,Mid,2016-05-01,2016-06-19
ASICS Gel-Quantum 90,Brownie,66148,48353,12142,October,2015,Special Release,100,Men,73.09820402733264,18.35580818770031,5653,4835300,Q4,2015-10-01,1,Mid,2015-10-01,2015-11-17
Skechers D'Lites,White Chocolate,65057,58892,4015,March,2016,Anniversary,75,Women,90.52369460626836,6.171511136388091,2150,4416900,Q1,2016-03-01,0,Mid,2016-03-01,2016-03-20
Vans Old Skool,Creamy,30052,19270,2885,March,2023,Special Release,70,Women,64.12218820710768,9.600026620524424,7897,1348900,Q1,2023-03-01,1,Mid,2023-03-01,2023-04-25
Onitsuka Tiger Mexico 66,Brownie,80539,68372,7616,November,2019,Special Release,100,Men,84.89303318888986,9.456288257862653,4551,6837200,Q4,2019-11-01,1,Mid,2019-11-01,2019-12-13
Lacoste Carnaby Evo,White Chocolate,21359,9569,7385,September,2017,Anniversary,95,Women,44.80078655367761,34.575588744791425,4405,909055,Q3,2017-09-01,0,Mid,2017-09-01,2017-09-22
Superga 2750 Cotu Classic,Almond,13761,13098,332,January,2017,Anniversary,65,Women,95.18203618923044,2.41261536225565,331,851370,Q1,2017-01-01,0,Mid,2017-01-01,2017-03-29
Hoka One One Clifton 8,Almond,46655,44069,1131,March,2021,Standard,140,Men,94.45718572500267,2.4241774729396632,1455,6169660,Q1,2021-03-01,0,High,2021-03-01,2021-05-26
Saucony Jazz Original,Classic,41635,31635,8004,March,2021,Limited,80,Women,75.98174612705655,19.224210399903928,1996,2530800,Q1,2021-03-01,1,Mid,2021-03-01,2021-03-27
Columbia Trailstorm Waterproof,Crisper,12260,5762,2410,June,2017,Anniversary,110,Women,46.998368678629696,19.65742251223491,4088,633820,Q2,2017-06-01,0,High,2017-06-01,2017-07-19
Nike Air Force 1 '07 Sneakers,Creamy,86225,53368,31015,March,2021,Special Release,115,Women,61.89388228472021,35.96984633227022,1842,6137320,Q1,2021-03-01,1,High,2021-03-01,2021-04-17
Adidas Originals Samba OG Shoes,Almond,69473,22754,20094,October,2017,Limited,100,Men,32.75229225742375,28.92346667050509,26625,2275400,Q4,2017-10-01,1,Mid,2017-10-01,2017-12-02
Air Jordan 1 Mid Shoes,Almond,25670,22559,2826,January,2017,Limited,110,Women,87.88079470198676,11.008959875340866,285,2481490,Q1,2017-01-01,1,High,2017-01-01,2017-02-07
Red Tape Casual Sneakers,Almond,87278,73765,9777,March,2018,Standard,35,Women,84.51728958042118,11.2021357043012,3736,2581775,Q1,2018-03-01,0,Low,2018-03-01,2018-05-16
Nike Court Vision Low Shoes,Peanut Butter,57301,16759,19809,February,2015,Special Release,80,Men,29.247308074902705,34.57007731104169,20733,1340720,Q1,2015-02-01,1,Mid,2015-02-01,2015-03-24
Puma Smash V2 Sneakers,Classic,82529,43290,8275,February,2022,Anniversary,65,Men,52.45428879545372,10.026778465751434,30964,2813850,Q1,2022-02-01,0,Mid,2022-02-01,2022-03-31
Converse Chuck Taylor All Star,Brownie,47268,35762,7843,December,2019,Holiday,60,Men,75.65795041042566,16.592620800541592,3663,2145720,Q4,2019-12-01,0,Mid,2019-12-01,2020-01-19
New Balance 574 Core,Almond,72616,19953,4282,June,2019,Anniversary,90,Men,27.477415445631813,5.896772061253718,48381,1795770,Q2,2019-06-01,0,Mid,2019-06-01,2019-08-19
Reebok Classic Leather,Peanut Butter,29555,23443,2489,December,2015,Limited,85,Women,79.31991202842158,8.421586871933682,3623,1992655,Q4,2015-12-01,1,Mid,2015-12-01,2016-01-31
Under Armour Charged Assert 9,Brownie,88135,86057,924,September,2023,Special Release,75,Women,97.6422533613207,1.048391671867022,1154,6454275,Q3,2023-09-01,1,Mid,2023-09-01,2023-09-18
Fila Disruptor II Premium,Almond,87139,61207,10006,May,2021,Special Release,70,Men,70.24064999598343,11.482803337196891,15926,4284490,Q2,2021-05-01,1,Mid,2021-05-01,2021-05-16
ASICS Gel-Quantum 90,White Chocolate,37235,25496,3457,December,2017,Standard,100,Men,68.47321068886801,9.284275547200217,8282,2549600,Q4,2017-12-01,0,Mid,2017-12-01,2017-12-20
Skechers D'Lites,Brownie,19838,7564,43,August,2019,Anniversary,75,Women,38.12884363343079,0.2167557213428773,12231,567300,Q3,2019-08-01,0,Mid,2019-08-01,2019-08-29
Vans Old Skool,Almond,14278,8792,2360,December,2022,Holiday,70,Women,61.57725171592659,16.528925619834713,3126,615440,Q4,2022-12-01,0,Mid,2022-12-01,2023-01-11
Onitsuka Tiger Mexico 66,Classic,40595,22337,6482,October,2019,Standard,100,Men,55.0240177361744,15.967483680256189,11776,2233700,Q4,2019-10-01,0,Mid,2019-10-01,2019-10-24
Lacoste Carnaby Evo,Almond,28643,7339,1954,November,2016,Holiday,95,Women,25.622316098174075,6.821911112662779,19350,697205,Q4,2016-11-01,0,Mid,2016-11-01,2016-11-30
Superga 2750 Cotu Classic,Crisper,26299,20358,5641,May,2018,Anniversary,65,Women,77.40978744438952,21.44948477128408,300,1323270,Q2,2018-05-01,0,Mid,2018-05-01,2018-06-26
Hoka One One Clifton 8,Crisper,20543,14798,326,December,2024,Anniversary,140,Women,72.03426958087913,1.5869152509370588,5419,2071720,Q4,2024-12-01,0,High,2024-12-01,2025-02-04
Saucony Jazz Original,Classic,21970,12501,9424,August,2021,Standard,80,Women,56.90031861629494,42.89485662266727,45,1000080,Q3,2021-08-01,0,Mid,2021-08-01,2021-10-17
Columbia Trailstorm Waterproof,Brownie,15273,7870,3854,October,2020,Anniversary,110,Men,51.52884174687357,25.23407320107379,3549,865700,Q4,2020-10-01,0,High,2020-10-01,2020-12-06
Nike Air Force 1 '07 Sneakers,Brownie,67132,46601,16112,January,2016,Anniversary,115,Women,69.41696955252338,24.00047667282369,4419,5359115,Q1,2016-01-01,0,High,2016-01-01,2016-01-19
Adidas Originals Samba OG Shoes,Almond,97835,18710,21079,September,2018,Anniversary,100,Women,19.12403536566668,21.545459191495887,58046,1871000,Q3,2018-09-01,0,Mid,2018-09-01,2018-10-08
Air Jordan 1 Mid Shoes,Creamy,62488,58317,300,February,2020,Standard,110,Women,93.32511842273716,0.480092177698118,3871,6414870,Q1,2020-02-01,0,High,2020-02-01,2020-03-01
Red Tape Casual Sneakers,Classic,62976,61682,1053,April,2024,Standard,35,Women,97.94524898373984,1.6720655487804876,241,2158870,Q2,2024-04-01,0,Low,2024-04-01,2024-05-28
Nike Court Vision Low Shoes,Crisper,17104,8073,8494,January,2019,Special Release,80,Women,47.19948550046772,49.66089803554724,537,645840,Q1,2019-01-01,1,Mid,2019-01-01,2019-02-13
Puma Smash V2 Sneakers,White Chocolate,16764,8335,4375,February,2021,Limited,65,Women,49.71963731806252,26.097590073968025,4054,541775,Q1,2021-02-01,1,Mid,2021-02-01,2021-03-23
Converse Chuck Taylor All Star,Creamy,73532,20915,1891,January,2022,Special Release,60,Men,28.44339879236251,2.5716694772344013,50726,1254900,Q1,2022-01-01,1,Mid,2022-01-01,2022-01-28
New Balance 574 Core,Almond,82199,6792,72384,July,2019,Standard,90,Men,8.262874244212217,88.05946544361854,3023,611280,Q3,2019-07-01,0,Mid,2019-07-01,2019-08-16
Reebok Classic Leather,Crisper,25396,10045,8165,January,2023,Holiday,85,Women,39.553472987872105,32.15073239880296,7186,853825,Q1,2023-01-01,0,Mid,2023-01-01,2023-03-27
Under Armour Charged Assert 9,Crisper,73242,66894,1996,February,2020,Special Release,75,Men,91.33284181207505,2.7252123098768464,4352,5017050,Q1,2020-02-01,1,Mid,2020-02-01,2020-04-14
Fila Disruptor II Premium,Brownie,76616,22892,4575,February,2018,Anniversary,70,Women,29.87887647488775,5.971337579617835,49149,1602440,Q1,2018-02-01,0,Mid,2018-02-01,2018-03-15
ASICS Gel-Quantum 90,White Chocolate,10336,7317,2973,May,2018,Special Release,100,Women,70.79140866873065,28.76354489164087,46,731700,Q2,2018-05-01,1,Mid,2018-05-01,2018-07-20
Skechers D'Lites,White Chocolate,29476,19632,8824,June,2020,Holiday,75,Women,66.60333830913285,29.93621929705523,1020,1472400,Q2,2020-06-01,0,Mid,2020-06-01,2020-07-27
Vans Old Skool,Crisper,52176,17363,15650,May,2021,Anniversary,70,Women,33.277752223244406,29.994633547991413,19163,1215410,Q2,2021-05-01,0,Mid,2021-05-01,2021-06-29
Onitsuka Tiger Mexico 66,Classic,51704,35996,11554,February,2024,Anniversary,100,Men,69.61937180875755,22.34643354479344,4154,3599600,Q1,2024-02-01,0,Mid,2024-02-01,2024-04-17
Lacoste Carnaby Evo,Crisper,14852,7068,4114,August,2021,Holiday,95,Women,47.5895502289254,27.699973067600325,3670,671460,Q3,2021-08-01,0,Mid,2021-08-01,2021-10-11
Superga 2750 Cotu Classic,Classic,78937,64890,251,February,2023,Limited,65,Men,82.20479622990486,0.3179750940623535,13796,4217850,Q1,2023-02-01,1,Mid,2023-02-01,2023-02-21
Hoka One One Clifton 8,Classic,71537,39737,11093,December,2021,Anniversary,140,Women,55.54747892698884,15.506660888770844,20707,5563180,Q4,2021-12-01,0,High,2021-12-01,2022-01-12
Saucony Jazz Original,White Chocolate,98389,74942,12452,July,2018,Anniversary,80,Men,76.16908394231062,12.655886328756264,10995,5995360,Q3,2018-07-01,0,Mid,2018-07-01,2018-08-12
Columbia Trailstorm Waterproof,Brownie,18968,8846,4708,July,2017,Standard,110,Men,46.636440320539855,24.820750738085195,5414,973060,Q3,2017-07-01,0,High,2017-07-01,2017-08-28
Nike Air Force 1 '07 Sneakers,White Chocolate,93066,18173,58153,November,2016,Holiday,115,Men,19.527002342423653,62.48576279199708,16740,2089895,Q4,2016-11-01,0,High,2016-11-01,2016-12-15
Adidas Originals Samba OG Shoes,Almond,17355,9806,2936,March,2019,Anniversary,100,Women,56.50244886199942,16.917314894842985,4613,980600,Q1,2019-03-01,0,Mid,2019-03-01,2019-05-16
Air Jordan 1 Mid Shoes,Brownie,99364,28600,22280,December,2016,Standard,110,Women,28.783060263274425,22.42260778551588,48484,3146000,Q4,2016-12-01,0,High,2016-12-01,2017-02-28
Red Tape Casual Sneakers,Brownie,99539,36566,32615,July,2021,Limited,35,Women,36.73534996333096,32.766051497403026,30358,1279810,Q3,2021-07-01,1,Low,2021-07-01,2021-09-15
Nike Court Vision Low Shoes,Crisper,43466,5615,30490,March,2018,Special Release,80,Women,12.918142916302395,70.14678139235264,7361,449200,Q1,2018-03-01,1,Mid,2018-03-01,2018-03-16
Puma Smash V2 Sneakers,Almond,87014,44210,41873,October,2019,Holiday,65,Women,50.80791596754545,48.12214126462408,931,2873650,Q4,2019-10-01,0,Mid,2019-10-01,2019-11-11
Converse Chuck Taylor All Star,Peanut Butter,60422,36667,3494,August,2017,Anniversary,60,Women,60.68484988911324,5.782661944324915,20261,2200020,Q3,2017-08-01,0,Mid,2017-08-01,2017-10-16
New Balance 574 Core,Creamy,48696,6437,25939,January,2018,Standard,90,Men,13.218744866108098,53.26720880565139,16320,579330,Q1,2018-01-01,0,Mid,2018-01-01,2018-01-18
Reebok Classic Leather,Brownie,75107,42512,25419,December,2023,Limited,85,Women,56.60191460183472,33.843716298081404,7176,3613520,Q4,2023-12-01,1,Mid,2023-12-01,2024-02-23
Under Armour Charged Assert 9,Peanut Butter,93442,29920,40690,October,2017,Limited,75,Men,32.01986258855761,43.54572890135057,22832,2244000,Q4,2017-10-01,1,Mid,2017-10-01,2017-12-26
Fila Disruptor II Premium,Almond,67779,7186,37982,February,2019,Limited,70,Women,10.602103896487112,56.03800587202525,22611,503020,Q1,2019-02-01,1,Mid,2019-02-01,2019-03-14
ASICS Gel-Quantum 90,Almond,64460,16510,13159,June,2016,Special Release,100,Women,25.612783121315548,20.414210363015822,34791,1651000,Q2,2016-06-01,1,Mid,2016-06-01,2016-06-24
Skechers D'Lites,Brownie,75771,40720,10783,November,2017,Anniversary,75,Women,53.74087711657495,14.231038260020323,24268,3054000,Q4,2017-11-01,0,Mid,2017-11-01,2018-01-16
Vans Old Skool,Creamy,54396,12547,30692,November,2015,Limited,70,Men,23.066034267225533,56.42326641664829,11157,878290,Q4,2015-11-01,1,Mid,2015-11-01,2015-12-22
Onitsuka Tiger Mexico 66,White Chocolate,98647,93395,3255,June,2024,Special Release,100,Women,94.67596581751091,3.2996441858343384,1997,9339500,Q2,2024-06-01,1,Mid,2024-06-01,2024-08-05
Lacoste Carnaby Evo,Classic,44663,40164,1012,February,2020,Holiday,95,Women,89.9267850345924,2.2658576450305623,3487,3815580,Q1,2020-02-01,0,Mid,2020-02-01,2020-03-30
Superga 2750 Cotu Classic,Brownie,59941,58897,760,March,2016,Limited,65,Women,98.2582873158606,1.267913448224087,284,3828305,Q1,2016-03-01,1,Mid,2016-03-01,2016-04-08
Hoka One One Clifton 8,Brownie,39015,9142,20820,March,2024,Anniversary,140,Women,23.4320133282071,53.36409073433295,9053,1279880,Q1,2024-03-01,0,High,2024-03-01,2024-05-13
Saucony Jazz Original,Creamy,63516,12646,9160,July,2015,Standard,80,Women,19.909943951130423,14.421563070722335,41710,1011680,Q3,2015-07-01,0,Mid,2015-07-01,2015-08-16
Columbia Trailstorm Waterproof,Classic,22739,12693,8807,July,2016,Anniversary,110,Women,55.82039667531554,38.73081489951185,1239,1396230,Q3,2016-07-01,0,High,2016-07-01,2016-09-05
Nike Air Force 1 '07 Sneakers,Brownie,30253,18594,10730,February,2016,Anniversary,115,Women,61.46167322249033,35.46755693650216,929,2138310,Q1,2016-02-01,0,High,2016-02-01,2016-04-17
Adidas Originals Samba OG Shoes,Classic,58566,19238,29057,December,2019,Limited,100,Men,32.84841034047058,49.61411057610218,10271,1923800,Q4,2019-12-01,1,Mid,2019-12-01,2020-02-11
Air Jordan 1 Mid Shoes,Creamy,58147,40682,11753,September,2015,Anniversary,110,Men,69.96405661513062,20.21256470669166,5712,4475020,Q3,2015-09-01,0,High,2015-09-01,2015-11-06
Red Tape Casual Sneakers,White Chocolate,69600,11007,43435,May,2017,Special Release,35,Men,15.814655172413794,62.4066091954023,15158,385245,Q2,2017-05-01,1,Low,2017-05-01,2017-05-27
Nike Court Vision Low Shoes,White Chocolate,53713,20962,32401,May,2016,Special Release,80,Men,39.02593413140208,60.32245452683708,350,1676960,Q2,2016-05-01,1,Mid,2016-05-01,2016-06-23
Puma Smash V2 Sneakers,Brownie,38305,20269,10766,September,2023,Limited,65,Men,52.91476308575904,28.10599138493669,7270,1317485,Q3,2023-09-01,1,Mid,2023-09-01,2023-09-17
Converse Chuck Taylor All Star,Almond,28964,9259,17701,October,2017,Limited,60,Men,31.967269714127884,61.11379643695622,2004,555540,Q4,2017-10-01,1,Mid,2017-10-01,2017-10-18
New Balance 574 Core,Peanut Butter,11947,7934,3235,November,2023,Limited,90,Men,66.40997740018415,27.077927513183223,778,714060,Q4,2023-11-01,1,Mid,2023-11-01,2024-01-10
Reebok Classic Leather,Peanut Butter,44782,8434,8307,April,2023,Anniversary,85,Men,18.833459872270108,18.54986378455629,28041,716890,Q2,2023-04-01,0,Mid,2023-04-01,2023-06-13
Under Armour Charged Assert 9,Crisper,68756,55988,5931,October,2020,Special Release,75,Men,81.42998429227994,8.626156262726163,6837,4199100,Q4,2020-10-01,1,Mid,2020-10-01,2020-10-17
Fila Disruptor II Premium,Brownie,15683,13543,1235,February,2020,Standard,70,Women,86.35465153350762,7.874768857999108,905,948010,Q1,2020-02-01,0,Mid,2020-02-01,2020-02-17
ASICS Gel-Quantum 90,White Chocolate,62640,32936,22482,March,2016,Anniversary,100,Women,52.57982120051086,35.89080459770115,7222,3293600,Q1,2016-03-01,0,Mid,2016-03-01,2016-05-08
Skechers D'Lites,Classic,20589,10277,9966,August,2016,Standard,75,Women,49.9150031570256,48.40448783330905,346,770775,Q3,2016-08-01,0,Mid,2016-08-01,2016-08-16
Vans Old Skool,Crisper,88301,74541,4831,February,2020,Special Release,70,Men,84.41693752052637,5.471059217902402,8929,5217870,Q1,2020-02-01,1,Mid,2020-02-01,2020-03-05
Onitsuka Tiger Mexico 66,White Chocolate,24996,23066,1476,September,2024,Limited,100,Men,92.27876460233637,5.904944791166587,454,2306600,Q3,2024-09-01,1,Mid,2024-09-01,2024-09-17
Lacoste Carnaby Evo,Crisper,54424,34720,13065,August,2019,Standard,95,Women,63.79538438924004,24.005953255916506,6639,3298400,Q3,2019-08-01,0,Mid,2019-08-01,2019-10-07
Superga 2750 Cotu Classic,Creamy,43408,29530,2500,September,2022,Anniversary,65,Men,68.02893475856985,5.759307040176926,11378,1919450,Q3,2022-09-01,0,Mid,2022-09-01,2022-10-29
Hoka One One Clifton 8,Classic,66606,11328,48797,April,2023,Holiday,140,Men,17.007476803891542,73.2621685734018,6481,1585920,Q2,2023-04-01,0,High,2023-04-01,2023-05-17
Saucony Jazz Original,Brownie,83608,78620,2700,July,2022,Standard,80,Women,94.03406372595924,3.2293560424839725,2288,6289600,Q3,2022-07-01,0,Mid,2022-07-01,2022-09-23
Columbia Trailstorm Waterproof,White Chocolate,16743,9712,4918,July,2018,Holiday,110,Men,58.00633100400168,29.373469509645822,2113,1068320,Q3,2018-07-01,0,High,2018-07-01,2018-08-16
Nike Air Force 1 '07 Sneakers,Peanut Butter,96079,68201,7348,July,2024,Standard,115,Women,70.9842941745855,7.647873104424484,20530,7843115,Q3,2024-07-01,0,High,2024-07-01,2024-09-21
Adidas Originals Samba OG Shoes,Classic,46512,42624,926,January,2024,Anniversary,100,Men,91.64086687306502,1.9908840729274169,2962,4262400,Q1,2024-01-01,0,Mid,2024-01-01,2024-03-10
Air Jordan 1 Mid Shoes,Brownie,96223,95894,136,April,2015,Limited,110,Women,99.6580859046174,0.141338349459069,193,10548340,Q2,2015-04-01,1,High,2015-04-01,2015-06-29
Red Tape Casual Sneakers,Almond,56009,5400,11888,October,2024,Limited,35,Women,9.641307646985306,21.225160242103943,38721,189000,Q4,2024-10-01,1,Low,2024-10-01,2024-12-10
Nike Court Vision Low Shoes,Classic,28595,25747,125,January,2016,Special Release,80,Women,90.04021682112257,0.4371393600279769,2723,2059760,Q1,2016-01-01,1,Mid,2016-01-01,2016-02-01
Puma Smash V2 Sneakers,Crisper,54681,15315,24251,June,2018,Holiday,65,Men,28.007900367586547,44.34995702346336,15115,995475,Q2,2018-06-01,0,Mid,2018-06-01,2018-07-23
Converse Chuck Taylor All Star,Classic,30392,10158,1630,July,2022,Standard,60,Women,33.42326928138984,5.363253487759937,18604,609480,Q3,2022-07-01,0,Mid,2022-07-01,2022-08-08
New Balance 574 Core,Crisper,89570,62939,13571,January,2018,Limited,90,Men,70.26794685720665,15.151278329797924,13060,5664510,Q1,2018-01-01,1,Mid,2018-01-01,2018-03-25
Reebok Classic Leather,Almond,66349,12267,18562,August,2022,Special Release,85,Women,18.48859817028139,27.97630710334745,35520,1042695,Q3,2022-08-01,1,Mid,2022-08-01,2022-10-24
Under Armour Charged Assert 9,Classic,38903,30903,4909,August,2015,Standard,75,Men,79.43603321080637,12.618564121018943,3091,2317725,Q3,2015-08-01,0,Mid,2015-08-01,2015-08-26
Fila Disruptor II Premium,White Chocolate,27987,13372,4742,September,2018,Standard,70,Women,47.77932611569658,16.943580948297424,9873,936040,Q3,2018-09-01,0,Mid,2018-09-01,2018-10-01
ASICS Gel-Quantum 90,Peanut Butter,26932,17458,8725,November,2022,Limited,100,Women,64.82251596613693,32.39640576266152,749,1745800,Q4,2022-11-01,1,Mid,2022-11-01,2023-01-27
Skechers D'Lites,Classic,62044,61476,43,November,2019,Standard,75,Men,99.08452066275548,0.0693056540519631,525,4610700,Q4,2019-11-01,0,Mid,2019-11-01,2020-01-13
Vans Old Skool,White Chocolate,51033,42732,7033,June,2021,Anniversary,70,Women,83.73405443536535,13.781278780397,1268,2991240,Q2,2021-06-01,0,Mid,2021-06-01,2021-08-24
Onitsuka Tiger Mexico 66,Almond,25096,18272,170,August,2018,Limited,100,Women,72.80841568377431,0.677398788651578,6654,1827200,Q3,2018-08-01,1,Mid,2018-08-01,2018-08-18
Lacoste Carnaby Evo,White Chocolate,57428,10775,28620,June,2024,Standard,95,Women,18.762624503726403,49.83631677927144,18033,1023625,Q2,2024-06-01,0,Mid,2024-06-01,2024-07-05
Superga 2750 Cotu Classic,Brownie,20308,11484,5083,May,2023,Holiday,65,Men,56.54914319480008,25.029545006893837,3741,746460,Q2,2023-05-01,0,Mid,2023-05-01,2023-07-13
Hoka One One Clifton 8,Classic,76910,19945,34773,September,2020,Limited,140,Women,25.932908594461058,45.21258613964374,22192,2792300,Q3,2020-09-01,1,High,2020-09-01,2020-10-21
Saucony Jazz Original,Almond,94599,24358,30968,February,2016,Limited,80,Men,25.74868656116872,32.736075434201204,39273,1948640,Q1,2016-02-01,1,Mid,2016-02-01,2016-03-05
Columbia Trailstorm Waterproof,Brownie,30036,29910,97,May,2022,Standard,110,Women,99.5805033959249,0.322945798375283,29,3290100,Q2,2022-05-01,0,High,2022-05-01,2022-07-21
Nike Air Force 1 '07 Sneakers,Crisper,83889,80952,1838,August,2022,Special Release,115,Women,96.49894503450987,2.190990475509304,1099,9309480,Q3,2022-08-01,1,High,2022-08-01,2022-09-03
Adidas Originals Samba OG Shoes,White Chocolate,92210,46436,9893,December,2019,Standard,100,Women,50.358963236091526,10.728771282941112,35881,4643600,Q4,2019-12-01,0,Mid,2019-12-01,2020-01-04
Air Jordan 1 Mid Shoes,White Chocolate,46002,43759,230,December,2018,Special Release,110,Women,95.12412503804184,0.4999782618147037,2013,4813490,Q4,2018-12-01,1,High,2018-12-01,2019-02-24
Red Tape Casual Sneakers,Crisper,14929,5932,6041,April,2024,Holiday,35,Men,39.73474445709692,40.46486703730993,2956,207620,Q2,2024-04-01,0,Low,2024-04-01,2024-06-06
Nike Court Vision Low Shoes,Brownie,87867,71462,12598,March,2020,Special Release,80,Men,81.32973698885816,14.33757838551447,3807,5716960,Q1,2020-03-01,1,Mid,2020-03-01,2020-04-17
Puma Smash V2 Sneakers,Crisper,84928,29672,21071,October,2021,Anniversary,65,Men,34.9378296910324,24.810427656367747,34185,1928680,Q4,2021-10-01,0,Mid,2021-10-01,2021-11-24
Converse Chuck Taylor All Star,Crisper,23566,16253,5851,December,2015,Special Release,60,Men,68.96800475260969,24.82814223881864,1462,975180,Q4,2015-12-01,1,Mid,2015-12-01,2016-01-23
New Balance 574 Core,Peanut Butter,67377,33797,10403,January,2019,Holiday,90,Women,50.16103418080354,15.439986939163216,23177,3041730,Q1,2019-01-01,0,Mid,2019-01-01,2019-01-16
Reebok Classic Leather,Crisper,54350,49492,428,November,2023,Holiday,85,Men,91.06163753449862,0.7874885004599815,4430,4206820,Q4,2023-11-01,0,Mid,2023-11-01,2023-11-26
Under Armour Charged Assert 9,Brownie,98916,55667,18621,October,2017,Special Release,75,Women,56.277043147721294,18.82506369040398,24628,4175025,Q4,2017-10-01,1,Mid,2017-10-01,2017-12-11
Fila Disruptor II Premium,Classic,86380,23537,60079,December,2018,Holiday,70,Women,27.24820560314888,69.55197962491317,2764,1647590,Q4,2018-12-01,0,Mid,2018-12-01,2019-02-03
ASICS Gel-Quantum 90,Peanut Butter,87993,16104,40577,April,2021,Anniversary,100,Women,18.301455797620264,46.1138954234996,31312,1610400,Q2,2021-04-01,0,Mid,2021-04-01,2021-05-08
Skechers D'Lites,White Chocolate,26750,22248,765,March,2022,Anniversary,75,Men,83.17009345794392,2.8598130841121496,3737,1668600,Q1,2022-03-01,0,Mid,2022-03-01,2022-04-15
Vans Old Skool,Almond,50483,16813,14037,October,2018,Anniversary,70,Men,33.304280648931325,27.805399837569084,19633,1176910,Q4,2018-10-01,0,Mid,2018-10-01,2018-11-26
Onitsuka Tiger Mexico 66,Peanut Butter,20114,9846,1657,September,2020,Special Release,100,Men,48.950979417321264,8.238043154022074,8611,984600,Q3,2020-09-01,1,Mid,2020-09-01,2020-09-22
Lacoste Carnaby Evo,Creamy,54140,45503,2147,September,2021,Anniversary,95,Men,84.04691540450683,3.9656446250461768,6490,4322785,Q3,2021-09-01,0,Mid,2021-09-01,2021-10-01
Superga 2750 Cotu Classic,White Chocolate,91885,26697,47263,November,2019,Standard,65,Men,29.054796756815588,51.43712249006911,17925,1735305,Q4,2019-11-01,0,Mid,2019-11-01,2020-01-14
Hoka One One Clifton 8,Crisper,90031,42346,29420,August,2017,Special Release,140,Women,47.034910197598606,32.67763325965501,18265,5928440,Q3,2017-08-01,1,High,2017-08-01,2017-08-17
Saucony Jazz Original,White Chocolate,35430,17053,14437,March,2020,Holiday,80,Women,48.13152695455828,40.747953711543886,3940,1364240,Q1,2020-03-01,0,Mid,2020-03-01,2020-03-16
Columbia Trailstorm Waterproof,Peanut Butter,36174,31255,1133,October,2024,Holiday,110,Women,86.40183557251065,3.132083817106209,3786,3438050,Q4,2024-10-01,0,High,2024-10-01,2024-12-02
Nike Air Force 1 '07 Sneakers,White Chocolate,58655,41342,3361,December,2022,Special Release,115,Women,70.48333475407041,5.730116784587844,13952,4754330,Q4,2022-12-01,1,High,2022-12-01,2022-12-27
Adidas Originals Samba OG Shoes,Classic,31012,13938,14723,October,2020,Limited,100,Men,44.94389268670192,47.47517090158648,2351,1393800,Q4,2020-10-01,1,Mid,2020-10-01,2020-12-23
Air Jordan 1 Mid Shoes,Peanut Butter,69130,62975,2863,April,2015,Anniversary,110,Women,91.09648488355272,4.141472587877911,3292,6927250,Q2,2015-04-01,0,High,2015-04-01,2015-05-22
Red Tape Casual Sneakers,Peanut Butter,60615,10348,24570,July,2017,Standard,35,Men,17.07168192691578,40.53452115812918,25697,362180,Q3,2017-07-01,0,Low,2017-07-01,2017-08-16
Nike Court Vision Low Shoes,White Chocolate,95191,48947,9571,July,2016,Standard,80,Women,51.41977707976595,10.054521961109767,36673,3915760,Q3,2016-07-01,0,Mid,2016-07-01,2016-07-24
Puma Smash V2 Sneakers,Creamy,28191,28119,60,January,2020,Special Release,65,Men,99.74459934021496,0.2128338831541981,12,1827735,Q1,2020-01-01,1,Mid,2020-01-01,2020-02-03
Converse Chuck Taylor All Star,Classic,43544,19133,4899,February,2021,Special Release,60,Men,43.93946353114092,11.250688958295058,19512,1147980,Q1,2021-02-01,1,Mid,2021-02-01,2021-04-04
New Balance 574 Core,White Chocolate,47762,20573,9868,May,2016,Standard,90,Women,43.07399187638708,20.660776349399104,17321,1851570,Q2,2016-05-01,0,Mid,2016-05-01,2016-05-18
Reebok Classic Leather,Classic,24530,21378,2444,January,2021,Standard,85,Men,87.15042804728903,9.96331023236853,708,1817130,Q1,2021-01-01,0,Mid,2021-01-01,2021-02-04
Under Armour Charged Assert 9,Creamy,28818,14544,7032,January,2015,Special Release,75,Women,50.46845721424111,24.40141578180304,7242,1090800,Q1,2015-01-01,1,Mid,2015-01-01,2015-02-08
Fila Disruptor II Premium,Peanut Butter,97080,92584,701,November,2020,Holiday,70,Men,95.36876802637,0.7220848784507622,3795,6480880,Q4,2020-11-01,0,Mid,2020-11-01,2021-01-08
ASICS Gel-Quantum 90,Crisper,71621,10706,41659,May,2019,Holiday,100,Men,14.948129738484525,58.16590106253753,19256,1070600,Q2,2019-05-01,0,Mid,2019-05-01,2019-06-17
Skechers D'Lites,Almond,18855,10649,3950,March,2023,Standard,75,Women,56.47838769557146,20.949350304958894,4256,798675,Q1,2023-03-01,0,Mid,2023-03-01,2023-04-08
Vans Old Skool,Peanut Butter,15811,10772,4472,October,2018,Limited,70,Women,68.12978306242489,28.2841060021504,567,754040,Q4,2018-10-01,1,Mid,2018-10-01,2018-12-29
Onitsuka Tiger Mexico 66,Creamy,72722,28891,8837,September,2015,Anniversary,100,Men,39.72800528038283,12.151756002310169,34994,2889100,Q3,2015-09-01,0,Mid,2015-09-01,2015-11-26
Lacoste Carnaby Evo,Classic,36144,34025,171,July,2018,Holiday,95,Women,94.13733953076584,0.4731075697211155,1948,3232375,Q3,2018-07-01,0,Mid,2018-07-01,2018-08-20
Superga 2750 Cotu Classic,Almond,14799,8131,2343,January,2019,Standard,65,Women,54.94290154740186,15.83215082100142,4325,528515,Q1,2019-01-01,0,Mid,2019-01-01,2019-02-22
Hoka One One Clifton 8,Almond,26315,17059,7159,December,2024,Anniversary,140,Women,64.82614478434353,27.20501615048451,2097,2388260,Q4,2024-12-01,0,High,2024-12-01,2025-01-09
Saucony Jazz Original,Almond,34486,21259,11338,July,2020,Holiday,80,Women,61.64530534129792,32.87710955170214,1889,1700720,Q3,2020-07-01,0,Mid,2020-07-01,2020-08-02
Columbia Trailstorm Waterproof,White Chocolate,20828,16912,1738,November,2015,Anniversary,110,Men,81.19838678701747,8.344536201267525,2178,1860320,Q4,2015-11-01,0,High,2015-11-01,2016-01-20
Nike Air Force 1 '07 Sneakers,Brownie,48504,26050,3361,November,2015,Holiday,115,Women,53.70691077024576,6.9293254164604985,19093,2995750,Q4,2015-11-01,0,High,2015-11-01,2016-01-08
Adidas Originals Samba OG Shoes,Crisper,88986,60851,5460,September,2022,Anniversary,100,Men,68.38266693637202,6.135796642168431,22675,6085100,Q3,2022-09-01,0,Mid,2022-09-01,2022-10-20
Air Jordan 1 Mid Shoes,Creamy,56210,45294,7126,January,2018,Standard,110,Women,80.57996797722825,12.677459526774596,3790,4982340,Q1,2018-01-01,0,High,2018-01-01,2018-03-17
Red Tape Casual Sneakers,Almond,77251,25969,2040,August,2016,Special Release,35,Women,33.61639331529689,2.6407425146600043,49242,908915,Q3,2016-08-01,1,Low,2016-08-01,2016-09-25
Nike Court Vision Low Shoes,Classic,26545,7203,7733,September,2023,Holiday,80,Men,27.13505368242607,29.13166321341119,11609,576240,Q3,2023-09-01,0,Mid,2023-09-01,2023-10-18
Puma Smash V2 Sneakers,Brownie,30111,27251,1842,February,2019,Holiday,65,Men,90.50180996977848,6.1173657467370735,1018,1771315,Q1,2019-02-01,0,Mid,2019-02-01,2019-04-24
Converse Chuck Taylor All Star,Brownie,28047,22349,3006,June,2019,Holiday,60,Men,79.68410168645488,10.71772382072949,2692,1340940,Q2,2019-06-01,0,Mid,2019-06-01,2019-07-18
New Balance 574 Core,Classic,13396,8048,4088,October,2020,Anniversary,90,Men,60.07763511495969,30.51657211107793,1260,724320,Q4,2020-10-01,0,Mid,2020-10-01,2020-10-29
Reebok Classic Leather,Almond,44116,34246,3515,November,2021,Holiday,85,Women,77.6271647474839,7.967630791549551,6355,2910910,Q4,2021-11-01,0,Mid,2021-11-01,2021-12-06
Under Armour Charged Assert 9,Peanut Butter,26074,9447,2426,January,2020,Limited,75,Women,36.231494975838,9.304287796272147,14201,708525,Q1,2020-01-01,1,Mid,2020-01-01,2020-03-03
Fila Disruptor II Premium,Classic,99381,46889,43767,November,2018,Standard,70,Women,47.18105070385688,44.03960515591511,8725,3282230,Q4,2018-11-01,0,Mid,2018-11-01,2018-12-05
ASICS Gel-Quantum 90,Almond,30644,28324,713,November,2023,Holiday,100,Men,92.42918679023626,2.3267197493799765,1607,2832400,Q4,2023-11-01,0,Mid,2023-11-01,2023-11-23
Skechers D'Lites,Peanut Butter,28202,12757,12949,July,2020,Standard,75,Women,45.23438054038721,45.91518332033189,2496,956775,Q3,2020-07-01,0,Mid,2020-07-01,2020-07-22
Vans Old Skool,Crisper,82305,22009,40104,November,2024,Standard,70,Women,26.740781240507864,48.726079825041005,20192,1540630,Q4,2024-11-01,0,Mid,2024-11-01,2025-01-21
Onitsuka Tiger Mexico 66,Creamy,72739,58843,12601,August,2019,Special Release,100,Women,80.89608050701824,17.32358157247144,1295,5884300,Q3,2019-08-01,1,Mid,2019-08-01,2019-09-01
Lacoste Carnaby Evo,Creamy,19720,12372,3816,August,2022,Special Release,95,Men,62.73833671399595,19.350912778904668,3532,1175340,Q3,2022-08-01,1,Mid,2022-08-01,2022-09-17
Superga 2750 Cotu Classic,White Chocolate,26912,19176,4119,September,2024,Standard,65,Men,71.25445897740785,15.305439952437574,3617,1246440,Q3,2024-09-01,0,Mid,2024-09-01,2024-11-02
Hoka One One Clifton 8,Almond,31581,10307,10572,December,2022,Limited,140,Women,32.636711947056774,33.475824071435355,10702,1442980,Q4,2022-12-01,1,High,2022-12-01,2023-03-01
Saucony Jazz Original,White Chocolate,20336,9105,3216,February,2022,Special Release,80,Women,44.7728166797797,15.814319433516916,8015,728400,Q1,2022-02-01,1,Mid,2022-02-01,2022-04-15
Columbia Trailstorm Waterproof,Brownie,79924,17245,32936,March,2022,Limited,110,Men,21.57674791051499,41.20914869125669,29743,1896950,Q1,2022-03-01,1,High,2022-03-01,2022-04-06
Nike Air Force 1 '07 Sneakers,Peanut Butter,96341,86851,5531,June,2024,Special Release,115,Men,90.14957287136318,5.741065589935749,3959,9987865,Q2,2024-06-01,1,High,2024-06-01,2024-07-15
Adidas Originals Samba OG Shoes,Classic,15958,15509,394,June,2021,Holiday,100,Women,97.18636420604084,2.468981075322722,55,1550900,Q2,2021-06-01,0,Mid,2021-06-01,2021-07-23
Air Jordan 1 Mid Shoes,Brownie,93753,8969,65278,December,2024,Special Release,110,Women,9.566627201262891,69.62763858223204,19506,986590,Q4,2024-12-01,1,High,2024-12-01,2025-02-04
Red Tape Casual Sneakers,Crisper,42096,31613,4873,February,2020,Standard,35,Men,75.097396427214,11.575921702774613,5610,1106455,Q1,2020-02-01,0,Low,2020-02-01,2020-04-09
Nike Court Vision Low Shoes,Crisper,64476,36735,15218,April,2017,Holiday,80,Women,56.9746882560953,23.60258080526087,12523,2938800,Q2,2017-04-01,0,Mid,2017-04-01,2017-04-23
Puma Smash V2 Sneakers,White Chocolate,51853,27634,13065,June,2016,Holiday,65,Men,53.29296279868089,25.196227797813048,11154,1796210,Q2,2016-06-01,0,Mid,2016-06-01,2016-07-12
Converse Chuck Taylor All Star,Almond,41685,35570,1003,December,2017,Anniversary,60,Men,85.33045459997601,2.406141297828956,5112,2134200,Q4,2017-12-01,0,Mid,2017-12-01,2018-01-11
New Balance 574 Core,Classic,48038,30175,13701,October,2017,Limited,90,Women,62.814854906532325,28.521170739830964,4162,2715750,Q4,2017-10-01,1,Mid,2017-10-01,2017-11-05
Reebok Classic Leather,Peanut Butter,30885,21327,8433,March,2020,Anniversary,85,Women,69.0529383195726,27.30451675570665,1125,1812795,Q1,2020-03-01,0,Mid,2020-03-01,2020-04-14
Under Armour Charged Assert 9,Classic,21802,17885,2070,February,2020,Limited,75,Women,82.03375837079166,9.494541785157324,1847,1341375,Q1,2020-02-01,1,Mid,2020-02-01,2020-03-14
Fila Disruptor II Premium,Classic,16624,9609,4054,September,2021,Anniversary,70,Men,57.80197305101059,24.38642925890279,2961,672630,Q3,2021-09-01,0,Mid,2021-09-01,2021-11-18
ASICS Gel-Quantum 90,White Chocolate,24089,19120,1097,November,2024,Holiday,100,Women,79.37232761841504,4.553945784382914,3872,1912000,Q4,2024-11-01,0,Mid,2024-11-01,2025-01-23
Skechers D'Lites,Almond,15930,11563,419,May,2021,Special Release,75,Women,72.586315128688,2.630257376020088,3948,867225,Q2,2021-05-01,1,Mid,2021-05-01,2021-07-15
Vans Old Skool,Classic,60639,38046,14757,July,2023,Special Release,70,Men,62.74179983179143,24.335823479938654,7836,2663220,Q3,2023-07-01,1,Mid,2023-07-01,2023-09-01
Onitsuka Tiger Mexico 66,Peanut Butter,22672,17907,3057,November,2023,Holiday,100,Women,78.98288637967536,13.483592095977418,1708,1790700,Q4,2023-11-01,0,Mid,2023-11-01,2023-12-04
Lacoste Carnaby Evo,White Chocolate,28909,11522,16682,July,2019,Special Release,95,Men,39.85610017641565,57.70521290947456,705,1094590,Q3,2019-07-01,1,Mid,2019-07-01,2019-07-19
Superga 2750 Cotu Classic,Peanut Butter,53652,36047,17017,February,2020,Limited,65,Men,67.18668455975546,31.717363751584283,588,2343055,Q1,2020-02-01,1,Mid,2020-02-01,2020-03-21
Hoka One One Clifton 8,Almond,90356,46750,10649,May,2019,Special Release,140,Women,51.73978485103369,11.785603612377706,32957,6545000,Q2,2019-05-01,1,High,2019-05-01,2019-07-18
Saucony Jazz Original,Brownie,54089,38247,13570,September,2020,Special Release,80,Women,70.71123518645196,25.08828042670413,2272,3059760,Q3,2020-09-01,1,Mid,2020-09-01,2020-11-03
Columbia Trailstorm Waterproof,Crisper,12180,8017,2713,July,2022,Standard,110,Women,65.82101806239737,22.274220032840724,1450,881870,Q3,2022-07-01,0,High,2022-07-01,2022-08-01
Nike Air Force 1 '07 Sneakers,White Chocolate,92478,8492,78238,April,2020,Holiday,115,Men,9.182724539890568,84.60174311728194,5748,976580,Q2,2020-04-01,0,High,2020-04-01,2020-05-29
Adidas Originals Samba OG Shoes,Creamy,16731,14560,1967,November,2016,Special Release,100,Women,87.02408702408702,11.75661944892714,204,1456000,Q4,2016-11-01,1,Mid,2016-11-01,2016-12-15
Air Jordan 1 Mid Shoes,Peanut Butter,99224,36745,2069,June,2021,Standard,110,Women,37.032371200516,2.085181004595662,60410,4041950,Q2,2021-06-01,0,High,2021-06-01,2021-07-31
Red Tape Casual Sneakers,Almond,64890,14924,27063,September,2022,Limited,35,Women,22.998921251348435,41.70596393897365,22903,522340,Q3,2022-09-01,1,Low,2022-09-01,2022-09-21
Nike Court Vision Low Shoes,White Chocolate,18163,16563,282,October,2020,Limited,80,Women,91.1908825634532,1.5526069481913782,1318,1325040,Q4,2020-10-01,1,Mid,2020-10-01,2020-11-21
Puma Smash V2 Sneakers,Brownie,59391,25562,11349,February,2020,Special Release,65,Women,43.04019127477227,19.108955902409456,22480,1661530,Q1,2020-02-01,1,Mid,2020-02-01,2020-03-10
Converse Chuck Taylor All Star,Creamy,99226,89319,4331,November,2021,Anniversary,60,Men,90.01572168584848,4.364783423699434,5576,5359140,Q4,2021-11-01,0,Mid,2021-11-01,2021-12-31
New Balance 574 Core,Almond,83149,44124,14736,May,2018,Holiday,90,Women,53.06618239545875,17.7224019531203,24289,3971160,Q2,2018-05-01,0,Mid,2018-05-01,2018-07-07
Reebok Classic Leather,Almond,72888,50718,18366,December,2023,Holiday,85,Women,69.58347053012841,25.19756338491933,3804,4311030,Q4,2023-12-01,0,Mid,2023-12-01,2024-02-13
Under Armour Charged Assert 9,Crisper,55237,14599,19035,June,2015,Holiday,75,Men,26.42974817604142,34.46059706356247,21603,1094925,Q2,2015-06-01,0,Mid,2015-06-01,2015-08-17
Fila Disruptor II Premium,Almond,67983,47989,8403,May,2023,Anniversary,70,Women,70.58970625009194,12.360443051939455,11591,3359230,Q2,2023-05-01,0,Mid,2023-05-01,2023-06-16
ASICS Gel-Quantum 90,Brownie,45601,13996,3579,November,2021,Special Release,100,Men,30.692309379180283,7.848512094033025,28026,1399600,Q4,2021-11-01,1,Mid,2021-11-01,2021-12-18
Skechers D'Lites,Creamy,79604,34579,41808,August,2017,Standard,75,Women,43.43877192100899,52.51997387065976,3217,2593425,Q3,2017-08-01,0,Mid,2017-08-01,2017-10-21
Vans Old Skool,Creamy,71918,18178,44642,August,2023,Limited,70,Men,25.276008787786093,62.07347256597792,9098,1272460,Q3,2023-08-01,1,Mid,2023-08-01,2023-09-02
Onitsuka Tiger Mexico 66,Crisper,95575,67350,15645,April,2022,Limited,100,Women,70.46821867643213,16.36934344755428,12580,6735000,Q2,2022-04-01,1,Mid,2022-04-01,2022-05-10
Lacoste Carnaby Evo,Almond,47409,47329,7,August,2023,Standard,95,Men,99.83125566875488,0.0147651289839481,73,4496255,Q3,2023-08-01,0,Mid,2023-08-01,2023-10-08
Superga 2750 Cotu Classic,Brownie,14888,7868,3423,November,2024,Limited,65,Men,52.84793121977431,22.991671144545943,3597,511420,Q4,2024-11-01,1,Mid,2024-11-01,2025-01-12
Hoka One One Clifton 8,White Chocolate,62034,56639,4058,February,2017,Holiday,140,Men,91.30315633362348,6.541573975561789,1337,7929460,Q1,2017-02-01,0,High,2017-02-01,2017-04-23
Saucony Jazz Original,Almond,84443,84007,54,October,2018,Holiday,80,Women,99.4836753786578,0.0639484622763284,382,6720560,Q4,2018-10-01,0,Mid,2018-10-01,2018-11-30
Columbia Trailstorm Waterproof,Peanut Butter,76088,66344,4470,February,2017,Standard,110,Women,87.19377562821997,5.874776574492692,5274,7297840,Q1,2017-02-01,0,High,2017-02-01,2017-03-11
Nike Air Force 1 '07 Sneakers,Creamy,43720,17202,461,April,2023,Holiday,115,Men,39.34583714547118,1.054437328453797,26057,1978230,Q2,2023-04-01,0,High,2023-04-01,2023-05-17
Adidas Originals Samba OG Shoes,Peanut Butter,90079,88719,830,April,2024,Anniversary,100,Men,98.49021414536128,0.9214134259927398,530,8871900,Q2,2024-04-01,0,Mid,2024-04-01,2024-06-01
Air Jordan 1 Mid Shoes,Crisper,97720,17502,24219,July,2016,Anniversary,110,Men,17.910356119525172,24.78407695456406,55999,1925220,Q3,2016-07-01,0,High,2016-07-01,2016-08-07
Red Tape Casual Sneakers,Classic,44181,30137,3858,January,2020,Holiday,35,Women,68.21258006835518,8.732260473959395,10186,1054795,Q1,2020-01-01,0,Low,2020-01-01,2020-03-21
Nike Court Vision Low Shoes,Brownie,85088,6498,34282,May,2022,Holiday,80,Men,7.636799548702519,40.2900526513727,44308,519840,Q2,2022-05-01,0,Mid,2022-05-01,2022-06-11
Puma Smash V2 Sneakers,Creamy,25495,20250,2513,October,2016,Anniversary,65,Women,79.42733869386154,9.856834673465386,2732,1316250,Q4,2016-10-01,0,Mid,2016-10-01,2016-10-17
Converse Chuck Taylor All Star,Creamy,25389,14667,6021,November,2021,Limited,60,Men,57.76911260782228,23.714994682736616,4701,880020,Q4,2021-11-01,1,Mid,2021-11-01,2021-12-02
New Balance 574 Core,Crisper,30078,19908,9924,March,2019,Anniversary,90,Women,66.18791143028126,32.99421504089368,246,1791720,Q1,2019-03-01,0,Mid,2019-03-01,2019-04-17
Reebok Classic Leather,White Chocolate,80453,33627,16217,August,2022,Special Release,85,Men,41.79707406808944,20.157110362571935,30609,2858295,Q3,2022-08-01,1,Mid,2022-08-01,2022-08-24
Under Armour Charged Assert 9,Brownie,68556,39614,23061,January,2019,Standard,75,Men,57.7834179357022,33.638193593558555,5881,2971050,Q1,2019-01-01,0,Mid,2019-01-01,2019-02-27
Fila Disruptor II Premium,Classic,81781,71255,3312,June,2021,Special Release,70,Women,87.12903975250975,4.049840427483156,7214,4987850,Q2,2021-06-01,1,Mid,2021-06-01,2021-08-02
ASICS Gel-Quantum 90,White Chocolate,78202,62912,1904,August,2022,Limited,100,Women,80.44807038183167,2.434720339633257,13386,6291200,Q3,2022-08-01,1,Mid,2022-08-01,2022-09-23
Skechers D'Lites,Classic,76895,63390,13249,August,2015,Anniversary,75,Women,82.43708953768125,17.229988945965278,256,4754250,Q3,2015-08-01,0,Mid,2015-08-01,2015-09-26
Vans Old Skool,Crisper,83912,12567,60604,July,2022,Holiday,70,Women,14.976403851654114,72.22328153303461,10741,879690,Q3,2022-07-01,0,Mid,2022-07-01,2022-08-10
Onitsuka Tiger Mexico 66,Almond,10395,6785,2368,October,2015,Standard,100,Men,65.27176527176528,22.78018278018278,1242,678500,Q4,2015-10-01,0,Mid,2015-10-01,2015-12-04
Lacoste Carnaby Evo,Brownie,17897,6130,7734,May,2015,Holiday,95,Men,34.251550539196515,43.21394647147567,4033,582350,Q2,2015-05-01,0,Mid,2015-05-01,2015-06-09
Superga 2750 Cotu Classic,White Chocolate,94085,89656,3443,March,2019,Anniversary,65,Women,95.29255460487856,3.659456874103204,986,5827640,Q1,2019-03-01,0,Mid,2019-03-01,2019-04-08
Hoka One One Clifton 8,Crisper,20518,16185,1089,April,2022,Holiday,140,Women,78.88195730578029,5.307534847451019,3244,2265900,Q2,2022-04-01,0,High,2022-04-01,2022-04-28
Saucony Jazz Original,Brownie,26691,12297,13677,January,2015,Standard,80,Women,46.07170956502192,51.24199168258964,717,983760,Q1,2015-01-01,0,Mid,2015-01-01,2015-03-16
Columbia Trailstorm Waterproof,Creamy,81361,60591,17430,April,2019,Limited,110,Women,74.47179852755006,21.42304052310075,3340,6665010,Q2,2019-04-01,1,High,2019-04-01,2019-04-22
Nike Air Force 1 '07 Sneakers,Peanut Butter,46129,17352,28678,February,2023,Standard,115,Women,37.61625008129376,62.169134384010064,99,1995480,Q1,2023-02-01,0,High,2023-02-01,2023-04-13
Adidas Originals Samba OG Shoes,Brownie,12050,6971,1688,October,2015,Standard,100,Women,57.850622406639005,14.008298755186722,3391,697100,Q4,2015-10-01,0,Mid,2015-10-01,2015-11-20
Air Jordan 1 Mid Shoes,Brownie,98083,97181,893,July,2015,Limited,110,Women,99.0803707064425,0.9104533915153492,9,10689910,Q3,2015-07-01,1,High,2015-07-01,2015-08-29
Red Tape Casual Sneakers,Crisper,40715,40373,111,June,2023,Standard,35,Women,99.16001473658356,0.2726267960211224,231,1413055,Q2,2023-06-01,0,Low,2023-06-01,2023-07-05
Nike Court Vision Low Shoes,Peanut Butter,85511,46799,37845,September,2021,Holiday,80,Men,54.72863140414683,44.25746395200618,867,3743920,Q3,2021-09-01,0,Mid,2021-09-01,2021-11-19
Puma Smash V2 Sneakers,Creamy,78321,33972,27103,May,2018,Holiday,65,Men,43.37533994714061,34.60502291850206,17246,2208180,Q2,2018-05-01,0,Mid,2018-05-01,2018-05-23
Converse Chuck Taylor All Star,Creamy,98965,60994,36428,July,2020,Standard,60,Women,61.63189006214318,36.80897286919618,1543,3659640,Q3,2020-07-01,0,Mid,2020-07-01,2020-07-31
New Balance 574 Core,White Chocolate,78742,46777,22816,September,2019,Anniversary,90,Women,59.40539991364202,28.9756419699779,9149,4209930,Q3,2019-09-01,0,Mid,2019-09-01,2019-09-29
Reebok Classic Leather,Peanut Butter,80507,67065,3948,July,2024,Limited,85,Men,83.30331523966859,4.903921398139293,9494,5700525,Q3,2024-07-01,1,Mid,2024-07-01,2024-09-29
Under Armour Charged Assert 9,White Chocolate,70689,12552,36856,August,2019,Anniversary,75,Men,17.756652378729363,52.13823933002306,21281,941400,Q3,2019-08-01,0,Mid,2019-08-01,2019-08-30
Fila Disruptor II Premium,Crisper,41831,21711,6662,September,2018,Standard,70,Women,51.90169969639741,15.925987903707778,13458,1519770,Q3,2018-09-01,0,Mid,2018-09-01,2018-11-20
ASICS Gel-Quantum 90,Classic,80206,29966,3377,January,2018,Anniversary,100,Men,37.36129466623444,4.210408198887864,46863,2996600,Q1,2018-01-01,0,Mid,2018-01-01,2018-02-16
Skechers D'Lites,White Chocolate,19539,8082,9626,February,2023,Special Release,75,Men,41.36342699216951,49.26557142126005,1831,606150,Q1,2023-02-01,1,Mid,2023-02-01,2023-04-19
Vans Old Skool,White Chocolate,53642,24869,502,May,2017,Limited,70,Men,46.36106036314828,0.9358338615264158,28271,1740830,Q2,2017-05-01,1,Mid,2017-05-01,2017-07-05
Onitsuka Tiger Mexico 66,Creamy,72773,36797,13402,June,2019,Limited,100,Women,50.5640828329188,18.41617083258901,22574,3679700,Q2,2019-06-01,1,Mid,2019-06-01,2019-07-10
Lacoste Carnaby Evo,Crisper,71112,52088,10106,December,2017,Holiday,95,Women,73.24783440206998,14.21138485768928,8918,4948360,Q4,2017-12-01,0,Mid,2017-12-01,2018-02-11
Superga 2750 Cotu Classic,Crisper,22924,20384,1311,April,2017,Holiday,65,Men,88.91990926539872,5.718897225615076,1229,1324960,Q2,2017-04-01,0,Mid,2017-04-01,2017-06-17
Hoka One One Clifton 8,Brownie,39002,14563,531,December,2017,Special Release,140,Women,37.33911081483001,1.361468642633711,23908,2038820,Q4,2017-12-01,1,High,2017-12-01,2018-02-15
Saucony Jazz Original,Almond,29976,11428,10809,July,2017,Anniversary,80,Men,38.123832399252734,36.05884707766213,7739,914240,Q3,2017-07-01,0,Mid,2017-07-01,2017-08-06
Columbia Trailstorm Waterproof,Crisper,82173,49245,16864,July,2023,Anniversary,110,Women,59.92844364937389,20.52255607072883,16064,5416950,Q3,2023-07-01,0,High,2023-07-01,2023-09-11
Nike Air Force 1 '07 Sneakers,Crisper,32050,29011,1442,November,2016,Limited,115,Women,90.5179407176287,4.499219968798752,1597,3336265,Q4,2016-11-01,1,High,2016-11-01,2017-01-12
Adidas Originals Samba OG Shoes,Peanut Butter,81058,12698,4433,May,2024,Standard,100,Men,15.665326062819217,5.4689234868859335,63927,1269800,Q2,2024-05-01,0,Mid,2024-05-01,2024-07-03
Air Jordan 1 Mid Shoes,White Chocolate,10836,8378,563,June,2024,Limited,110,Men,77.31635289774825,5.195644149132521,1895,921580,Q2,2024-06-01,1,High,2024-06-01,2024-08-06
Red Tape Casual Sneakers,Classic,38668,38143,466,March,2019,Standard,35,Women,98.64228819695872,1.205130857556636,59,1335005,Q1,2019-03-01,0,Low,2019-03-01,2019-04-26
Nike Court Vision Low Shoes,Creamy,73944,7061,866,December,2020,Special Release,80,Men,9.549118251649896,1.1711565509033863,66017,564880,Q4,2020-12-01,1,Mid,2020-12-01,2021-02-23
Puma Smash V2 Sneakers,Brownie,46010,40110,2348,March,2015,Special Release,65,Women,87.17670071723539,5.103238426429037,3552,2607150,Q1,2015-03-01,1,Mid,2015-03-01,2015-03-30
Converse Chuck Taylor All Star,White Chocolate,33496,8506,3156,November,2020,Limited,60,Women,25.39407690470504,9.422020539765942,21834,510360,Q4,2020-11-01,1,Mid,2020-11-01,2021-01-08
New Balance 574 Core,White Chocolate,56457,22519,26011,November,2015,Holiday,90,Women,39.88699364117824,46.07223196414971,7927,2026710,Q4,2015-11-01,0,Mid,2015-11-01,2016-01-14
Reebok Classic Leather,Brownie,41877,19801,9829,September,2022,Standard,85,Men,47.283711822718914,23.47111779735893,12247,1683085,Q3,2022-09-01,0,Mid,2022-09-01,2022-09-23
Under Armour Charged Assert 9,Classic,63120,29855,24718,March,2021,Anniversary,75,Men,47.298795944233206,39.16032953105197,8547,2239125,Q1,2021-03-01,0,Mid,2021-03-01,2021-05-07
Fila Disruptor II Premium,Creamy,32463,7709,16379,June,2024,Anniversary,70,Women,23.74703508609802,50.45436342913471,8375,539630,Q2,2024-06-01,0,Mid,2024-06-01,2024-08-14
ASICS Gel-Quantum 90,Brownie,22499,22306,10,July,2017,Limited,100,Women,99.14218409707098,0.0444464198408818,183,2230600,Q3,2017-07-01,1,Mid,2017-07-01,2017-07-20
Skechers D'Lites,Almond,16102,6218,4593,February,2021,Special Release,75,Men,38.61632095391877,28.524406905974413,5291,466350,Q1,2021-02-01,1,Mid,2021-02-01,2021-04-24
Vans Old Skool,White Chocolate,51220,6026,13576,August,2021,Limited,70,Women,11.764935572042171,26.505271378367823,31618,421820,Q3,2021-08-01,1,Mid,2021-08-01,2021-08-21
Onitsuka Tiger Mexico 66,Classic,49226,15646,15759,May,2021,Anniversary,100,Women,31.78401657660586,32.0135700646,17821,1564600,Q2,2021-05-01,0,Mid,2021-05-01,2021-07-01
Lacoste Carnaby Evo,Crisper,28343,27587,741,November,2015,Special Release,95,Women,97.33267473450236,2.614402145150478,15,2620765,Q4,2015-11-01,1,Mid,2015-11-01,2016-01-09
Superga 2750 Cotu Classic,Classic,22803,19322,950,May,2024,Standard,65,Women,84.73446476340833,4.166118493180722,2531,1255930,Q2,2024-05-01,0,Mid,2024-05-01,2024-06-24
Hoka One One Clifton 8,White Chocolate,52778,6941,41557,January,2018,Anniversary,140,Women,13.151313047102958,78.7392474136951,4280,971740,Q1,2018-01-01,0,High,2018-01-01,2018-03-08
Saucony Jazz Original,Brownie,59207,33301,6086,August,2022,Special Release,80,Men,56.24503859340956,10.279189960646546,19820,2664080,Q3,2022-08-01,1,Mid,2022-08-01,2022-08-31
Columbia Trailstorm Waterproof,White Chocolate,91083,43715,16151,December,2022,Standard,110,Men,47.99468616536566,17.732178342830167,31217,4808650,Q4,2022-12-01,0,High,2022-12-01,2022-12-28
Nike Air Force 1 '07 Sneakers,Crisper,93086,25221,51068,July,2018,Holiday,115,Men,27.09429989472101,54.86109619061943,16797,2900415,Q3,2018-07-01,0,High,2018-07-01,2018-08-14
Adidas Originals Samba OG Shoes,Almond,68292,28587,17679,February,2016,Limited,100,Women,41.85995431382885,25.887366016517312,22026,2858700,Q1,2016-02-01,1,Mid,2016-02-01,2016-03-05
Air Jordan 1 Mid Shoes,Crisper,83005,77710,4197,July,2019,Standard,110,Women,93.62086621287874,5.056321908318776,1098,8548100,Q3,2019-07-01,0,High,2019-07-01,2019-08-01
Red Tape Casual Sneakers,Brownie,22198,15630,3155,February,2015,Holiday,35,Men,70.41174880619876,14.212992161455986,3413,547050,Q1,2015-02-01,0,Low,2015-02-01,2015-04-19
Nike Court Vision Low Shoes,Creamy,83339,36816,37483,November,2020,Limited,80,Men,44.17619601867073,44.976541595171526,9040,2945280,Q4,2020-11-01,1,Mid,2020-11-01,2020-12-04
Puma Smash V2 Sneakers,Peanut Butter,45247,24734,8795,July,2020,Limited,65,Women,54.66439763962252,19.43775277918978,11718,1607710,Q3,2020-07-01,1,Mid,2020-07-01,2020-09-11
Converse Chuck Taylor All Star,Almond,65194,24644,31734,October,2023,Standard,60,Men,37.80102463416879,48.67625855140044,8816,1478640,Q4,2023-10-01,0,Mid,2023-10-01,2023-12-09
New Balance 574 Core,Creamy,91924,69985,19457,November,2021,Limited,90,Men,76.13354510247596,21.16639832905444,2482,6298650,Q4,2021-11-01,1,Mid,2021-11-01,2022-01-16
Reebok Classic Leather,Almond,10887,8241,1360,June,2024,Special Release,85,Women,75.6957839625241,12.491962891521998,1286,700485,Q2,2024-06-01,1,Mid,2024-06-01,2024-07-08
Under Armour Charged Assert 9,Crisper,53874,33220,19477,July,2016,Holiday,75,Men,61.66239744589227,36.15287522738241,1177,2491500,Q3,2016-07-01,0,Mid,2016-07-01,2016-07-24
Fila Disruptor II Premium,Crisper,51180,16641,26099,July,2018,Holiday,70,Women,32.51465416178195,50.99452911293474,8440,1164870,Q3,2018-07-01,0,Mid,2018-07-01,2018-07-27
ASICS Gel-Quantum 90,Brownie,41775,26357,6161,February,2018,Anniversary,100,Men,63.092758827049664,14.748055056852186,9257,2635700,Q1,2018-02-01,0,Mid,2018-02-01,2018-02-16
Skechers D'Lites,Brownie,81516,28583,44676,August,2023,Special Release,75,Women,35.06428185877619,54.80641837185338,8257,2143725,Q3,2023-08-01,1,Mid,2023-08-01,2023-10-12
Vans Old Skool,Creamy,37479,19367,9546,April,2024,Standard,70,Women,51.67427092505136,25.470263347474585,8566,1355690,Q2,2024-04-01,0,Mid,2024-04-01,2024-04-16
Onitsuka Tiger Mexico 66,Creamy,75444,23242,41506,May,2018,Limited,100,Men,30.806956152908118,55.01564074015164,10696,2324200,Q2,2018-05-01,1,Mid,2018-05-01,2018-06-18
Lacoste Carnaby Evo,Creamy,65460,56712,6176,October,2015,Anniversary,95,Women,86.63611365719524,9.43476932477849,2572,5387640,Q4,2015-10-01,0,Mid,2015-10-01,2015-12-02
Superga 2750 Cotu Classic,Brownie,62534,40020,16600,October,2024,Anniversary,65,Women,63.997185531071096,26.54555921578661,5914,2601300,Q4,2024-10-01,0,Mid,2024-10-01,2024-10-16
Hoka One One Clifton 8,Creamy,80373,16138,7167,August,2023,Limited,140,Women,20.078882211688004,8.917173677727595,57068,2259320,Q3,2023-08-01,1,High,2023-08-01,2023-08-31
Saucony Jazz Original,Peanut Butter,94803,85304,725,April,2021,Anniversary,80,Women,89.98027488581585,0.7647437317384471,8774,6824320,Q2,2021-04-01,0,Mid,2021-04-01,2021-06-15
Columbia Trailstorm Waterproof,White Chocolate,66420,11943,691,February,2016,Holiday,110,Men,17.981029810298104,1.0403492923818127,53786,1313730,Q1,2016-02-01,0,High,2016-02-01,2016-04-19
Nike Air Force 1 '07 Sneakers,Crisper,59036,30633,15173,August,2023,Special Release,115,Men,51.88867809472186,25.701267023511075,13230,3522795,Q3,2023-08-01,1,High,2023-08-01,2023-10-17
Adidas Originals Samba OG Shoes,Almond,13219,12909,53,April,2018,Anniversary,100,Men,97.65489068764656,0.4009380437249413,257,1290900,Q2,2018-04-01,0,Mid,2018-04-01,2018-06-23
Air Jordan 1 Mid Shoes,Classic,28569,16414,5110,November,2018,Anniversary,110,Women,57.4538835801043,17.88652035423011,7045,1805540,Q4,2018-11-01,0,High,2018-11-01,2018-12-07
Red Tape Casual Sneakers,Almond,72411,17795,28715,February,2023,Anniversary,35,Women,24.574995511731643,39.65557719131071,25901,622825,Q1,2023-02-01,0,Low,2023-02-01,2023-04-23
Nike Court Vision Low Shoes,Classic,25084,5740,11241,April,2022,Standard,80,Men,22.883112741189603,44.81342688566417,8103,459200,Q2,2022-04-01,0,Mid,2022-04-01,2022-06-30
Puma Smash V2 Sneakers,Creamy,41970,38816,714,March,2021,Limited,65,Women,92.4851084107696,1.7012151536812008,2440,2523040,Q1,2021-03-01,1,Mid,2021-03-01,2021-04-10
Converse Chuck Taylor All Star,Crisper,40389,31545,3022,February,2017,Anniversary,60,Men,78.10294882269925,7.4822352620763075,5822,1892700,Q1,2017-02-01,0,Mid,2017-02-01,2017-03-03
New Balance 574 Core,Crisper,87621,61302,12741,January,2015,Limited,90,Men,69.96268017940905,14.541034683466291,13578,5517180,Q1,2015-01-01,1,Mid,2015-01-01,2015-03-07
Reebok Classic Leather,Brownie,23336,22592,191,February,2019,Holiday,85,Men,96.81179293794996,0.8184778882413437,553,1920320,Q1,2019-02-01,0,Mid,2019-02-01,2019-04-13
Under Armour Charged Assert 9,Almond,97910,69157,17292,March,2022,Holiday,75,Women,70.63323460320703,17.66111735267082,11461,5186775,Q1,2022-03-01,0,Mid,2022-03-01,2022-04-13
Fila Disruptor II Premium,Brownie,24972,16400,5766,June,2024,Anniversary,70,Women,65.67355438090662,23.08986064392119,2806,1148000,Q2,2024-06-01,0,Mid,2024-06-01,2024-08-23
ASICS Gel-Quantum 90,Brownie,87354,16108,17556,July,2018,Standard,100,Men,18.439911166059943,20.09753417130297,53690,1610800,Q3,2018-07-01,0,Mid,2018-07-01,2018-08-31
Skechers D'Lites,Peanut Butter,58929,50445,2316,September,2020,Anniversary,75,Men,85.60301379626331,3.930153235249198,6168,3783375,Q3,2020-09-01,0,Mid,2020-09-01,2020-11-16
Vans Old Skool,Brownie,60293,32724,6086,June,2020,Special Release,70,Men,54.27495729189127,10.09404076758496,21483,2290680,Q2,2020-06-01,1,Mid,2020-06-01,2020-08-23
Onitsuka Tiger Mexico 66,Brownie,31871,21044,4732,July,2016,Limited,100,Women,66.0286781086254,14.84735339336701,6095,2104400,Q3,2016-07-01,1,Mid,2016-07-01,2016-09-29
Lacoste Carnaby Evo,Brownie,17026,10882,78,June,2020,Limited,95,Women,63.91401386115353,0.4581228709033243,6066,1033790,Q2,2020-06-01,1,Mid,2020-06-01,2020-07-01
Superga 2750 Cotu Classic,Brownie,76248,69876,3351,September,2022,Anniversary,65,Women,91.643059490085,4.394869373622915,3021,4541940,Q3,2022-09-01,0,Mid,2022-09-01,2022-11-02
Hoka One One Clifton 8,Crisper,31922,7708,18526,May,2015,Limited,140,Women,24.14635674456488,58.03521082638933,5688,1079120,Q2,2015-05-01,1,High,2015-05-01,2015-06-23
Saucony Jazz Original,Peanut Butter,80465,42836,11023,October,2023,Anniversary,80,Women,53.23556825949171,13.699123842664513,26606,3426880,Q4,2023-10-01,0,Mid,2023-10-01,2023-11-17
Columbia Trailstorm Waterproof,Brownie,76952,19838,37533,April,2016,Holiday,110,Women,25.779706830231834,48.7745607651523,19581,2182180,Q2,2016-04-01,0,High,2016-04-01,2016-05-08
Nike Air Force 1 '07 Sneakers,Brownie,15453,12231,2237,June,2017,Anniversary,115,Men,79.14967967384973,14.476153497702713,985,1406565,Q2,2017-06-01,0,High,2017-06-01,2017-06-25
Adidas Originals Samba OG Shoes,Almond,14224,12368,538,November,2018,Standard,100,Men,86.95163104611923,3.7823397075365577,1318,1236800,Q4,2018-11-01,0,Mid,2018-11-01,2019-01-23
Air Jordan 1 Mid Shoes,White Chocolate,41056,18754,19265,September,2022,Holiday,110,Women,45.6790724863601,46.92371395167576,3037,2062940,Q3,2022-09-01,0,High,2022-09-01,2022-10-19
Red Tape Casual Sneakers,Peanut Butter,90760,23249,27082,February,2024,Limited,35,Women,25.615910092551783,29.83913618334068,40429,813715,Q1,2024-02-01,1,Low,2024-02-01,2024-04-07
Nike Court Vision Low Shoes,Brownie,46842,44115,2206,November,2016,Holiday,80,Women,94.1783015242731,4.709448785278169,521,3529200,Q4,2016-11-01,0,Mid,2016-11-01,2016-11-25
Puma Smash V2 Sneakers,Almond,85069,40041,33712,August,2022,Standard,65,Women,47.06884999235915,39.62900704134291,11316,2602665,Q3,2022-08-01,0,Mid,2022-08-01,2022-09-03
Converse Chuck Taylor All Star,Classic,46349,13315,8696,October,2017,Limited,60,Men,28.727696390429134,18.76200133767719,24338,798900,Q4,2017-10-01,1,Mid,2017-10-01,2017-12-12
New Balance 574 Core,White Chocolate,98635,56472,32077,August,2016,Special Release,90,Women,57.25351041719471,32.52091042733309,10086,5082480,Q3,2016-08-01,1,Mid,2016-08-01,2016-08-16
Reebok Classic Leather,Crisper,69243,9949,41525,November,2023,Standard,85,Women,14.368239388819088,59.969960862469854,17769,845665,Q4,2023-11-01,0,Mid,2023-11-01,2024-01-23
Under Armour Charged Assert 9,Creamy,58374,34798,15992,September,2018,Special Release,75,Men,59.612156096892456,27.395758385582624,7584,2609850,Q3,2018-09-01,1,Mid,2018-09-01,2018-09-19
Fila Disruptor II Premium,Creamy,70089,46604,21762,October,2022,Holiday,70,Women,66.49260226283725,31.049094722424343,1723,3262280,Q4,2022-10-01,0,Mid,2022-10-01,2022-10-31
ASICS Gel-Quantum 90,Peanut Butter,66314,59057,1735,July,2020,Holiday,100,Women,89.0566094640649,2.6163404409325333,5522,5905700,Q3,2020-07-01,0,Mid,2020-07-01,2020-08-08
Skechers D'Lites,Almond,81737,80750,133,May,2021,Anniversary,75,Men,98.79246852710524,0.1627170069858203,854,6056250,Q2,2021-05-01,0,Mid,2021-05-01,2021-05-17
Vans Old Skool,Classic,23051,20059,66,May,2016,Limited,70,Men,87.0200858964904,0.2863216346362414,2926,1404130,Q2,2016-05-01,1,Mid,2016-05-01,2016-06-16
Onitsuka Tiger Mexico 66,Crisper,36518,27563,2161,November,2024,Holiday,100,Women,75.47784654143163,5.917629662084452,6794,2756300,Q4,2024-11-01,0,Mid,2024-11-01,2024-12-09
Lacoste Carnaby Evo,Classic,95798,52242,16409,December,2015,Holiday,95,Men,54.5334975677989,17.128750078289734,27147,4962990,Q4,2015-12-01,0,Mid,2015-12-01,2015-12-27
Superga 2750 Cotu Classic,Classic,61949,45999,5005,February,2023,Limited,65,Men,74.25301457650649,8.079226460475553,10945,2989935,Q1,2023-02-01,1,Mid,2023-02-01,2023-04-06
Hoka One One Clifton 8,Creamy,22475,5035,6993,May,2020,Standard,140,Men,22.402669632925477,31.114571746384872,10447,704900,Q2,2020-05-01,0,High,2020-05-01,2020-06-19
Saucony Jazz Original,Brownie,99126,63335,608,February,2015,Holiday,80,Women,63.8934285656639,0.6133607731573956,35183,5066800,Q1,2015-02-01,0,Mid,2015-02-01,2015-03-20
Columbia Trailstorm Waterproof,Creamy,27324,20653,580,July,2017,Anniversary,110,Men,75.5855658029571,2.122676035719514,6091,2271830,Q3,2017-07-01,0,High,2017-07-01,2017-08-17
Nike Air Force 1 '07 Sneakers,Classic,51071,29088,9805,July,2016,Anniversary,115,Men,56.9560024279924,19.19876250709796,12178,3345120,Q3,2016-07-01,0,High,2016-07-01,2016-09-14
Adidas Originals Samba OG Shoes,Creamy,98753,23724,8966,December,2020,Special Release,100,Men,24.023573967373142,9.079217846546433,66063,2372400,Q4,2020-12-01,1,Mid,2020-12-01,2021-02-04
Air Jordan 1 Mid Shoes,Crisper,56030,52345,872,January,2022,Limited,110,Women,93.42316616098518,1.5563091201142245,2813,5757950,Q1,2022-01-01,1,High,2022-01-01,2022-02-27
Red Tape Casual Sneakers,White Chocolate,38474,10681,3292,July,2016,Standard,35,Women,27.76160523990227,8.556427717419556,24501,373835,Q3,2016-07-01,0,Low,2016-07-01,2016-07-27
Nike Court Vision Low Shoes,Almond,66280,25611,9163,October,2017,Holiday,80,Men,38.64061557030779,13.82468316234158,31506,2048880,Q4,2017-10-01,0,Mid,2017-10-01,2017-12-21
Puma Smash V2 Sneakers,Brownie,88774,83644,4977,March,2018,Standard,65,Women,94.22128100569986,5.606371234821006,153,5436860,Q1,2018-03-01,0,Mid,2018-03-01,2018-05-19
Converse Chuck Taylor All Star,Peanut Butter,77862,71784,1545,May,2023,Anniversary,60,Men,92.19388148262313,1.984279879787316,4533,4307040,Q2,2023-05-01,0,Mid,2023-05-01,2023-06-17
New Balance 574 Core,White Chocolate,41370,37432,1580,April,2016,Limited,90,Men,90.48102489726855,3.819192651679961,2358,3368880,Q2,2016-04-01,1,Mid,2016-04-01,2016-05-25
Reebok Classic Leather,Brownie,11581,7958,1296,June,2016,Anniversary,85,Women,68.71600034539331,11.190743459114069,2327,676430,Q2,2016-06-01,0,Mid,2016-06-01,2016-08-28
Under Armour Charged Assert 9,Almond,81612,27645,49986,April,2020,Standard,75,Men,33.87369504484635,61.24834583149536,3981,2073375,Q2,2020-04-01,0,Mid,2020-04-01,2020-05-28
Fila Disruptor II Premium,Classic,44365,19138,1305,September,2015,Anniversary,70,Women,43.13760847514933,2.9415079454524964,23922,1339660,Q3,2015-09-01,0,Mid,2015-09-01,2015-10-29
ASICS Gel-Quantum 90,Crisper,62727,10401,41978,January,2021,Special Release,100,Women,16.581376440767134,66.92174023945032,10348,1040100,Q1,2021-01-01,1,Mid,2021-01-01,2021-02-13
Skechers D'Lites,Classic,50620,10178,33508,April,2017,Limited,75,Women,20.106677202686683,66.19517977084156,6934,763350,Q2,2017-04-01,1,Mid,2017-04-01,2017-04-28
Vans Old Skool,Brownie,93138,90175,2789,March,2022,Standard,70,Women,96.81869913461745,2.9944813073074363,174,6312250,Q1,2022-03-01,0,Mid,2022-03-01,2022-03-27
Onitsuka Tiger Mexico 66,Creamy,41278,8794,8011,December,2015,Anniversary,100,Men,21.30432676001744,19.407432530645867,24473,879400,Q4,2015-12-01,0,Mid,2015-12-01,2016-01-30
Lacoste Carnaby Evo,Almond,97304,91252,1438,May,2016,Standard,95,Men,93.78031735591549,1.477842637507194,4614,8668940,Q2,2016-05-01,0,Mid,2016-05-01,2016-05-17
Superga 2750 Cotu Classic,Peanut Butter,75065,50443,17137,October,2020,Holiday,65,Men,67.1990941184307,22.82954772530473,7485,3278795,Q4,2020-10-01,0,Mid,2020-10-01,2020-11-19
Hoka One One Clifton 8,Creamy,45227,12736,25278,May,2015,Holiday,140,Women,28.16016981006921,55.891392309903374,7213,1783040,Q2,2015-05-01,0,High,2015-05-01,2015-05-23
Saucony Jazz Original,Brownie,18371,9308,1262,July,2020,Anniversary,80,Men,50.66681182298187,6.869522617168363,7801,744640,Q3,2020-07-01,0,Mid,2020-07-01,2020-08-10
Columbia Trailstorm Waterproof,Crisper,84302,26873,24096,October,2016,Holiday,110,Men,31.877061042442644,28.582951768641312,33333,2956030,Q4,2016-10-01,0,High,2016-10-01,2016-12-28
Nike Air Force 1 '07 Sneakers,Peanut Butter,76692,5336,5772,August,2024,Standard,115,Women,6.9577009336045474,7.526208731028008,65584,613640,Q3,2024-08-01,0,High,2024-08-01,2024-09-18
Adidas Originals Samba OG Shoes,Almond,60197,14835,11728,August,2024,Standard,100,Women,24.644085253417945,19.482698473345845,33634,1483500,Q3,2024-08-01,0,Mid,2024-08-01,2024-08-22
Air Jordan 1 Mid Shoes,Peanut Butter,52179,21270,13639,January,2023,Holiday,110,Men,40.76352555625826,26.138868127024285,17270,2339700,Q1,2023-01-01,0,High,2023-01-01,2023-03-24
Red Tape Casual Sneakers,Brownie,58864,12825,32901,July,2022,Standard,35,Men,21.787510192987224,55.89324544713238,13138,448875,Q3,2022-07-01,0,Low,2022-07-01,2022-09-11
Nike Court Vision Low Shoes,Crisper,19034,12620,2312,September,2023,Holiday,80,Women,66.30240622044762,12.146684879688978,4102,1009600,Q3,2023-09-01,0,Mid,2023-09-01,2023-11-29
Puma Smash V2 Sneakers,Classic,58354,18151,19109,April,2021,Holiday,65,Men,31.104979949960587,32.74668403194297,21094,1179815,Q2,2021-04-01,0,Mid,2021-04-01,2021-05-14
Converse Chuck Taylor All Star,Crisper,58270,43777,8083,August,2023,Limited,60,Men,75.12785309764888,13.871632057662604,6410,2626620,Q3,2023-08-01,1,Mid,2023-08-01,2023-09-20
New Balance 574 Core,Peanut Butter,10835,8359,97,August,2017,Special Release,90,Men,77.14813105676049,0.8952468850946008,2379,752310,Q3,2017-08-01,1,Mid,2017-08-01,2017-09-05
Reebok Classic Leather,Almond,10191,8082,1259,March,2016,Limited,85,Men,79.30526935531351,12.354037876557747,850,686970,Q1,2016-03-01,1,Mid,2016-03-01,2016-04-20
Under Armour Charged Assert 9,Crisper,74491,12850,9330,December,2022,Holiday,75,Men,17.25040608932623,12.52500302049912,52311,963750,Q4,2022-12-01,0,Mid,2022-12-01,2022-12-25
Fila Disruptor II Premium,White Chocolate,78125,59140,12205,February,2020,Standard,70,Men,75.6992,15.6224,6780,4139800,Q1,2020-02-01,0,Mid,2020-02-01,2020-04-28
ASICS Gel-Quantum 90,Creamy,61688,9904,38790,May,2021,Standard,100,Men,16.054986383089094,62.88094929321748,12994,990400,Q2,2021-05-01,0,Mid,2021-05-01,2021-06-08
Skechers D'Lites,Peanut Butter,48230,22104,10322,December,2023,Anniversary,75,Women,45.83039601907527,21.40161725067385,15804,1657800,Q4,2023-12-01,0,Mid,2023-12-01,2024-02-17
Vans Old Skool,Almond,69343,22822,15309,November,2015,Limited,70,Men,32.91175749534921,22.07721038893616,31212,1597540,Q4,2015-11-01,1,Mid,2015-11-01,2016-01-03
Onitsuka Tiger Mexico 66,Peanut Butter,23848,10386,7365,March,2020,Holiday,100,Women,43.550821871855085,30.883092921838305,6097,1038600,Q1,2020-03-01,0,Mid,2020-03-01,2020-04-20
Lacoste Carnaby Evo,White Chocolate,37215,19808,10102,March,2020,Holiday,95,Men,53.22584979175063,27.14496842670966,7305,1881760,Q1,2020-03-01,0,Mid,2020-03-01,2020-04-08
Superga 2750 Cotu Classic,Peanut Butter,99922,44874,54158,November,2022,Special Release,65,Women,44.90902904265327,54.20027621544805,890,2916810,Q4,2022-11-01,1,Mid,2022-11-01,2022-12-08
Hoka One One Clifton 8,Peanut Butter,21955,13133,5828,June,2019,Special Release,140,Women,59.817809155089954,26.545206103393305,2994,1838620,Q2,2019-06-01,1,High,2019-06-01,2019-08-16
Saucony Jazz Original,Almond,32789,6018,13251,August,2024,Anniversary,80,Men,18.353716185306048,40.41294336515295,13520,481440,Q3,2024-08-01,0,Mid,2024-08-01,2024-09-21
Columbia Trailstorm Waterproof,Classic,70560,18357,52023,July,2016,Standard,110,Men,26.016156462585037,73.72874149659864,180,2019270,Q3,2016-07-01,0,High,2016-07-01,2016-07-27
Nike Air Force 1 '07 Sneakers,Peanut Butter,35969,31990,1640,March,2019,Standard,115,Women,88.93769634963441,4.559481775973755,2339,3678850,Q1,2019-03-01,0,High,2019-03-01,2019-05-09
Adidas Originals Samba OG Shoes,White Chocolate,19828,5357,1056,March,2017,Anniversary,100,Men,27.017349203147067,5.325801896308251,13415,535700,Q1,2017-03-01,0,Mid,2017-03-01,2017-03-28
Air Jordan 1 Mid Shoes,White Chocolate,53456,13029,2798,March,2020,Standard,110,Women,24.37331637234361,5.234211313977851,37629,1433190,Q1,2020-03-01,0,High,2020-03-01,2020-04-07
Red Tape Casual Sneakers,White Chocolate,61773,37514,966,April,2019,Anniversary,35,Men,60.7287973710197,1.56379000534214,23293,1312990,Q2,2019-04-01,0,Low,2019-04-01,2019-05-15
Nike Court Vision Low Shoes,Peanut Butter,46042,23340,14614,November,2024,Limited,80,Men,50.69284566265584,31.740584683549805,8088,1867200,Q4,2024-11-01,1,Mid,2024-11-01,2024-12-02
Puma Smash V2 Sneakers,Creamy,48680,37695,6750,November,2024,Special Release,65,Men,77.4342645850452,13.866064092029582,4235,2450175,Q4,2024-11-01,1,Mid,2024-11-01,2025-01-16
Converse Chuck Taylor All Star,Almond,60202,13993,27474,March,2017,Special Release,60,Men,23.24341384007176,45.63635759609316,18735,839580,Q1,2017-03-01,1,Mid,2017-03-01,2017-03-28
New Balance 574 Core,Crisper,57069,36436,17842,October,2023,Anniversary,90,Women,63.84552033503304,31.26390860186791,2791,3279240,Q4,2023-10-01,0,Mid,2023-10-01,2023-12-13
Reebok Classic Leather,Crisper,45446,16784,854,July,2018,Special Release,85,Women,36.93174316771553,1.8791532808167932,27808,1426640,Q3,2018-07-01,1,Mid,2018-07-01,2018-08-03
Under Armour Charged Assert 9,Classic,71824,51849,19136,August,2017,Limited,75,Men,72.18896190688349,26.64290487859212,839,3888675,Q3,2017-08-01,1,Mid,2017-08-01,2017-10-03
Fila Disruptor II Premium,Almond,79951,12328,28758,June,2021,Anniversary,70,Men,15.419444409700942,35.969531337944495,38865,862960,Q2,2021-06-01,0,Mid,2021-06-01,2021-06-27
ASICS Gel-Quantum 90,Peanut Butter,41005,25840,13208,April,2023,Holiday,100,Men,63.01670527984392,32.210706011462015,1957,2584000,Q2,2023-04-01,0,Mid,2023-04-01,2023-06-15
Skechers D'Lites,Creamy,56095,42201,9234,August,2016,Special Release,75,Women,75.23130403779304,16.461360192530528,4660,3165075,Q3,2016-08-01,1,Mid,2016-08-01,2016-09-03
Vans Old Skool,Brownie,50508,16505,32141,June,2015,Standard,70,Men,32.67799160529025,63.63546368892057,1862,1155350,Q2,2015-06-01,0,Mid,2015-06-01,2015-08-30
Onitsuka Tiger Mexico 66,Classic,79002,67650,11,September,2018,Special Release,100,Men,85.63074352548037,0.0139236981342244,11341,6765000,Q3,2018-09-01,1,Mid,2018-09-01,2018-09-24
Lacoste Carnaby Evo,Almond,33260,31293,1729,September,2024,Holiday,95,Men,94.0859891761876,5.1984365604329525,238,2972835,Q3,2024-09-01,0,Mid,2024-09-01,2024-11-25
Superga 2750 Cotu Classic,Brownie,28566,8634,17245,August,2024,Holiday,65,Women,30.22474270111321,60.36897010431982,2687,561210,Q3,2024-08-01,0,Mid,2024-08-01,2024-09-12
Hoka One One Clifton 8,Creamy,96787,56851,38405,February,2016,Holiday,140,Men,58.73826030355316,39.67991569115687,1531,7959140,Q1,2016-02-01,0,High,2016-02-01,2016-04-07
Saucony Jazz Original,Peanut Butter,67261,56894,7982,April,2022,Holiday,80,Women,84.58690771769673,11.867203877432688,2385,4551520,Q2,2022-04-01,0,Mid,2022-04-01,2022-05-01
Columbia Trailstorm Waterproof,Peanut Butter,97232,82194,13344,December,2016,Anniversary,110,Women,84.53389830508475,13.72387691295047,1694,9041340,Q4,2016-12-01,0,High,2016-12-01,2017-02-22
Nike Air Force 1 '07 Sneakers,Peanut Butter,33292,28882,14,November,2022,Special Release,115,Men,86.75357443229605,0.0420521446593776,4396,3321430,Q4,2022-11-01,1,High,2022-11-01,2022-11-27
Adidas Originals Samba OG Shoes,Peanut Butter,88956,46709,40067,June,2017,Special Release,100,Women,52.50798147398714,45.04136876658123,2180,4670900,Q2,2017-06-01,1,Mid,2017-06-01,2017-07-10
Air Jordan 1 Mid Shoes,Peanut Butter,53406,10099,15597,November,2018,Holiday,110,Men,18.909860315320376,29.20458375463431,27710,1110890,Q4,2018-11-01,0,High,2018-11-01,2019-01-06
Red Tape Casual Sneakers,White Chocolate,97821,88768,5500,January,2020,Standard,35,Men,90.74534097995318,5.622514592981057,3553,3106880,Q1,2020-01-01,0,Low,2020-01-01,2020-03-08
Nike Court Vision Low Shoes,Creamy,18885,10742,2102,October,2023,Standard,80,Men,56.88112258406143,11.130526873179772,6041,859360,Q4,2023-10-01,0,Mid,2023-10-01,2023-11-07
Puma Smash V2 Sneakers,Crisper,67438,53010,6875,November,2016,Anniversary,65,Women,78.6055339719446,10.19454906729144,7553,3445650,Q4,2016-11-01,0,Mid,2016-11-01,2016-12-01
Converse Chuck Taylor All Star,Almond,81568,54197,3323,April,2024,Anniversary,60,Men,66.44394860729697,4.073901530011769,24048,3251820,Q2,2024-04-01,0,Mid,2024-04-01,2024-06-11
New Balance 574 Core,Peanut Butter,69151,9830,52376,June,2024,Standard,90,Women,14.21526803661552,75.74149325389365,6945,884700,Q2,2024-06-01,0,Mid,2024-06-01,2024-07-24
Reebok Classic Leather,Almond,23726,7431,5600,November,2016,Anniversary,85,Men,31.32007080839585,23.602798617550366,10695,631635,Q4,2016-11-01,0,Mid,2016-11-01,2017-01-07
Under Armour Charged Assert 9,Brownie,22203,16073,4866,November,2021,Anniversary,75,Women,72.3911183173445,21.915957303067152,1264,1205475,Q4,2021-11-01,0,Mid,2021-11-01,2021-12-27
Fila Disruptor II Premium,Creamy,31626,24900,3556,October,2016,Standard,70,Men,78.73268829444127,11.24391323594511,3170,1743000,Q4,2016-10-01,0,Mid,2016-10-01,2016-12-12
ASICS Gel-Quantum 90,Peanut Butter,63645,50691,9078,February,2023,Special Release,100,Women,79.64647654961112,14.263492811689844,3876,5069100,Q1,2023-02-01,1,Mid,2023-02-01,2023-03-26
Skechers D'Lites,Almond,41135,11285,1626,May,2019,Special Release,75,Women,27.43405858757749,3.9528382156314574,28224,846375,Q2,2019-05-01,1,Mid,2019-05-01,2019-05-29
Vans Old Skool,Peanut Butter,17144,10911,31,October,2019,Standard,70,Women,63.64325711619225,0.1808212785814279,6202,763770,Q4,2019-10-01,0,Mid,2019-10-01,2019-10-20
Onitsuka Tiger Mexico 66,Peanut Butter,22712,5843,6781,November,2016,Holiday,100,Women,25.726488200070445,29.85646354350123,10088,584300,Q4,2016-11-01,0,Mid,2016-11-01,2016-12-20
Lacoste Carnaby Evo,White Chocolate,25139,15104,6512,April,2020,Anniversary,95,Women,60.08194438919608,25.903973905087717,3523,1434880,Q2,2020-04-01,0,Mid,2020-04-01,2020-06-29
Superga 2750 Cotu Classic,Classic,94130,76319,12698,January,2017,Holiday,65,Women,81.07829597365345,13.48985445660257,5113,4960735,Q1,2017-01-01,0,Mid,2017-01-01,2017-02-02
Hoka One One Clifton 8,Peanut Butter,68428,7924,17255,December,2019,Anniversary,140,Women,11.58005494826679,25.21628573098732,43249,1109360,Q4,2019-12-01,0,High,2019-12-01,2020-02-29
Saucony Jazz Original,Brownie,18079,7476,1584,December,2015,Holiday,80,Women,41.35184468167487,8.761546545716024,9019,598080,Q4,2015-12-01,0,Mid,2015-12-01,2015-12-24
Columbia Trailstorm Waterproof,White Chocolate,87296,34820,36280,September,2015,Anniversary,110,Women,39.88728005865102,41.55975073313783,16196,3830200,Q3,2015-09-01,0,High,2015-09-01,2015-11-28
